"Start","End","app-token-created","browser-chrome","browser-chrome-0","browser-chrome-11","browser-chrome-12","browser-chrome-13","browser-chrome-14","browser-chrome-15","browser-chrome-16","browser-chrome-17","browser-chrome-18","browser-chrome-19","browser-chrome-2","browser-chrome-20","browser-chrome-21","browser-chrome-22","browser-chrome-23","browser-chrome-24","browser-chrome-25","browser-chrome-26","browser-chrome-27","browser-chrome-28","browser-chrome-29","browser-chrome-3","browser-chrome-30","browser-chrome-31","browser-chrome-32","browser-chrome-33","browser-chrome-34","browser-chrome-35","browser-chrome-36","browser-chrome-37","browser-chrome-38","browser-chrome-39","browser-chrome-40","browser-chrome-41","browser-chrome-42","browser-chrome-43","browser-chrome-44","browser-chrome-45","browser-chrome-46","browser-chrome-47","browser-chrome-48","browser-chrome-49","browser-chrome-5","browser-chrome-50","browser-chrome-51","browser-chrome-52","browser-chrome-53","browser-chrome-54","browser-chrome-6","browser-chrome-8","browser-chrome-9","browser-firefox","browser-firefox-0","browser-firefox-1","browser-firefox-10","browser-firefox-11","browser-firefox-12","browser-firefox-13","browser-firefox-14","browser-firefox-15","browser-firefox-16","browser-firefox-17","browser-firefox-18","browser-firefox-19","browser-firefox-2","browser-firefox-20","browser-firefox-21","browser-firefox-22","browser-firefox-23","browser-firefox-24","browser-firefox-25","browser-firefox-26","browser-firefox-27","browser-firefox-28","browser-firefox-29","browser-firefox-30","browser-firefox-31","browser-firefox-32","browser-firefox-33","browser-firefox-34","browser-firefox-35","browser-firefox-36","browser-firefox-37","browser-firefox-38","browser-firefox-39","browser-firefox-40","browser-firefox-41","browser-firefox-42","browser-firefox-43","browser-firefox-44","browser-firefox-45","browser-firefox-46","browser-firefox-47","browser-firefox-48","browser-firefox-49","browser-firefox-5","browser-firefox-50","browser-firefox-51","browser-firefox-6","browser-firefox-7","browser-firefox-8","browser-firefox-9","browser-ie","browser-ie-10","browser-ie-11","browser-ie-6","browser-ie-7","browser-ie-8","browser-ie-9","browser-other","browser-other-1","browser-other-11","browser-other-12","browser-other-2","browser-other-8","browser-other-9","browser-safari","browser-safari-1","browser-safari-10","browser-safari-3","browser-safari-4","browser-safari-5","browser-safari-522","browser-safari-525","browser-safari-528","browser-safari-530","browser-safari-531","browser-safari-532","browser-safari-533","browser-safari-534","browser-safari-535","browser-safari-536","browser-safari-537","browser-safari-538","browser-safari-6","browser-safari-600","browser-safari-601","browser-safari-602","browser-safari-7","browser-safari-8","browser-safari-9","bytes-in","bytes-out","charts-created","charts-deleted","comments","datalens-loaded","datasets","datasets-created","datasets-created-blobby","datasets-created-href","datasets-created-nbe","datasets-created-snapshot","datasets-deleted","datasets-deleted-blobby","datasets-deleted-href","datasets-deleted-nbe","datasets-deleted-snapshot","datasets-published","datasets-published-v2","datasets-snapshots","datasets-snapshots-v2","datasets-unpublished","datasets-unpublished-v2","datasets-v2","di-count","di-deleted","di-failed","di-failed-internal","di-failed-non-user","di-failed-user","di-geocode-cached","di-geocode-count","di-geocode-esri-success","di-geocode-mapquest-insufficiently-precise-result","di-geocode-mapquest-success","di-inserted","di-phidippides-failed","di-phidippides-succeeded","di-port-failed","di-port-failed-internal","di-port-failed-non-user","di-port-failed-uncleanly","di-port-failed-user","di-port-success","di-retried","di-retried-more-than-once","di-success","di-sync-failed","di-sync-failed-internal","di-sync-success","di-updated","disk-usage","filters-created","filters-deleted","ga:avgPageLoadTime","ga:avgSessionDuration","ga:avgTimeOnPage","ga:bounceRate","ga:newUsers","ga:pageviews","ga:pageviewsPerSession","ga:sessions","ga:uniquePageviews","ga:users","geocoding-requests","govstat-goal-gets","js-page-view","js-page-view-admin","js-page-view-browse","js-page-view-browse-search","js-page-view-dataset","js-page-view-dataset-complex","js-page-view-dataset-filter","js-page-view-dataset-grouped","js-page-view-dataset-sort","js-page-view-embed-browse","js-page-view-embed-browse-search","js-page-view-embed-dataset","js-page-view-embed-dataset-complex","js-page-view-embed-dataset-filter","js-page-view-embed-dataset-grouped","js-page-view-embed-dataset-sort","js-page-view-embed-homepage","js-page-view-embed-other","js-page-view-embed-profile","js-page-view-homepage","js-page-view-newux","js-page-view-other","js-page-view-profile","js-page-view-story","lense-blob-published-v1","lense-blob-unpublished-v1","lense-chart-published-v1","lense-chart-unpublished-v1","lense-data_lens-published-v1","lense-data_lens-unpublished-v1","lense-fatrow-published-v1","lense-fatrow-unpublished-v1","lense-href-published-v1","lense-href-unpublished-v1","lense-map-published-v1","lense-map-unpublished-v1","lense-metadata-published-v1","lense-metadata-unpublished-v1","lense-new_view-published-v1","lense-new_view-unpublished-v1","lense-newview-published-v1","lense-newview-unpublished-v1","lense-story-published-v1","lense-story-unpublished-v1","lense-table-published-v1","lense-table-unpublished-v1","maps-created","maps-deleted","page-views","published-story-loaded","ratings-count","ratings-total","rows-accessed-api","rows-accessed-download","rows-accessed-print","rows-accessed-rss","rows-accessed-website","rows-accessed-widget","rows-created","rows-deleted","rows-loaded-api","rows-loaded-download","rows-loaded-print","rows-loaded-rss","rows-loaded-website","rows-loaded-widget","sf-query-cache-hit","sf-query-cache-miss","sf-query-error-internal","sf-query-error-user","sf-query-success","shares","users-created","view-loaded"
"Tue Nov 01 00:00:00 UTC 2011","Wed Nov 30 23:59:59 UTC 2011","","","","","","","","","","","","","","","","","","","","","","","","","","","","","","","","","","","","","","","","","","","","","","","","","","","","","","","","","","","","","","","","","","","","","","","","","","","","","","","","","","","","","","","","","","","","","","","","","","","","","","","","","","","","","","","","","","","","","","","","","","","","","","","","","","","","","","","","","","","","","","","","770","698864","","","","","","","","","","","","","","","","","","","","","","","","","","","","","","","","","","","","","","","","","","","","","","","","","","0","","","","","","","","","","","","","","","","","","","","","","","","","","","","","","","","","","","","","","","","","","","","","","","","","","","","","","","","","","","","","","","70","","","","","","","","","","-1525775","","","","","","","","","","","","","","1",""
"Thu Dec 01 00:00:00 UTC 2011","Sat Dec 31 23:59:59 UTC 2011","","","","","","","","","","","","","","","","","","","","","","","","","","","","","","","","","","","","","","","","","","","","","","","","","","","","","","","","","","","","","","","","","","","","","","","","","","","","","","","","","","","","","","","","","","","","","","","","","","","","","","","","","","","","","","","","","","","","","","","","","","","","","","","","","","","","","","","","","","","","","","","","25137388","2335746082","8","","1","","","49","1","7","","","13","1","1","","","","","","","","","","","","","","","","","","","","","","","","","","","","","","","","","","","","","0","5","5","","","","","","","","","","","24046","","","","","","","","","","","","","","","","","","","","","","","","","","","","","","","","","","","","","","","","","","","","","","","","5","","5039","","","","65","25","1","315","6814","38","3873219","857892","10948","294554","59","11403","2263189","1458","","","","","","2","7","959"
"Sun Jan 01 00:00:00 UTC 2012","Tue Jan 31 23:59:59 UTC 2012","","","","","","","","","","","","","","","","","","","","","","","","","","","","","","","","","","","","","","","","","","","","","","","","","","","","","","","","","","","","","","","","","","","","","","","","","","","","","","","","","","","","","","","","","","","","","","","","","","","","","","","","","","","","","","","","","","","","","","","","","","","","","","","","","","","","","","","","","","","","","","","","53074061","4130656886","","","","","","7","","","","","3","","","","","","","","","","","","","","","","","","","","","","","","","","","","","","","","","","","","","","","2055118848","9","4","","","","","","","","","","","","","","","","","","","","","","","","","","","","","","","","","","","","","","","","","","","","","","","","","","","","","","","","","","","8","2","8770","","","","66","191","23","1617","11505","114","4696080","554990","69017","3330852","55864","75580","3892603","4985","","","","","","","13","1047"
"Wed Feb 01 00:00:00 UTC 2012","Wed Feb 29 23:59:59 UTC 2012","1","","","","","","","","","","","","","","","","","","","","","","","","","","","","","","","","","","","","","","","","","","","","","","","","","","","","","","","","","","","","","","","","","","","","","","","","","","","","","","","","","","","","","","","","","","","","","","","","","","","","","","","","","","","","","","","","","","","","","","","","","","","","","","","","","","","","","","","","","","","","","","","85494070","10047223305","3","2","2","","","34","","","","","16","","","","","","","","","","","","","","","","","","","","","","","","","","","","","","","","","","","","","","","3838328832","36","33","","","","","","","","","","","1041","","","","","","","","","","","","","","","","","","","","","","","","","","","","","","","","","","","","","","","","","","","","","","","","10","12","18129","","","","279","284","26","411","18284","119","9716895","1425505","27625","5052271","100911","15788","311294","3765","","","","","","","14","1948"
"Thu Mar 01 00:00:00 UTC 2012","Sat Mar 31 23:59:59 UTC 2012","1","","","","","","","","","","","","","","","","","","","","","","","","","","","","","","","","","","","","","","","","","","","","","","","","","","","","","","","","","","","","","","","","","","","","","","","","","","","","","","","","","","","","","","","","","","","","","","","","","","","","","","","","","","","","","","","","","","","","","","","","","","","","","","","","","","","","","","","","","","","","","","","117705512","7382810202","3","2","","","","19","","","","","11","","","","","","","","","","","","","","","","","","","","","","","","","","","","","","","","","","","","","","","5082980352","6","1","","","","","","","","","","","3583","","","","","","","","","","","","","","","","","","","","","","","","","","","","","","","","","","","","","","","","","","","","","","","","1","1","9882","","","","177","380","42","929","19704","251","1065550","23268","269640","8571550","81238","36891","277539","4949","","","","","","","15","1966"
"Sun Apr 01 00:00:00 UTC 2012","Mon Apr 30 23:59:59 UTC 2012","1","","","","","","","","","","","","","","","","","","","","","","","","","","","","","","","","","","","","","","","","","","","","","","","","","","","","","","","","","","","","","","","","","","","","","","","","","","","","","","","","","","","","","","","","","","","","","","","","","","","","","","","","","","","","","","","","","","","","","","","","","","","","","","","","","","","","","","","","","","","","","","","74229087","10428821669","10","10","2","","","48","","","","","35","","","","","","","","","","","","","","","","","","","","","","","","","","","","","","","","","","","","","","","5108006912","18","16","","","","","","","","","","","13288","","","","","","","","","","","","","","","","","","","","","","","","","","","","","","","","","","","","","","","","","","","","","","","","17","16","6604","","","","3964","482","52","443","16123","652","10293318","1730162","5181162","10862736","880700","17254","401186","8378","","","","","","2","16","5559"
"Tue May 01 00:00:00 UTC 2012","Thu May 31 23:59:59 UTC 2012","","","","","","","","","","","","","","","","","","","","","","","","","","","","","","","","","","","","","","","","","","","","","","","","","","","","","","","","","","","","","","","","","","","","","","","","","","","","","","","","","","","","","","","","","","","","","","","","","","","","","","","","","","","","","","","","","","","","","","","","","","","","","","","","","","","","","","","","","","","","","","","","96316173","13035347424","26","26","","","","119","","","","","113","","","","","","","","","","","","","","","","","","","","","","","","","","","","","","","","","","","","","","","5172428800","42","35","","","","","","","","","","","7870","","","","","","","","","","","","","","","","","","","","","","","","","","","","","","","","","","","","","","","","","","","","","","","","28","24","6005","","","","206","647","59","313","16268","1649","34546309","16906934","2409671","23239296","204040","12862","268047","22087","","","","","","2","8","1889"
"Fri Jun 01 00:00:00 UTC 2012","Sat Jun 30 23:59:59 UTC 2012","","","","","","","","","","","","","","","","","","","","","","","","","","","","","","","","","","","","","","","","","","","","","","","","","","","","","","","","","","","","","","","","","","","","","","","","","","","","","","","","","","","","","","","","","","","","","","","","","","","","","","","","","","","","","","","","","","","","","","","","","","","","","","","","","","","","","","","","","","","","","","","","99712692","22665184956","41","41","","","","202","3","","","","200","2","","","","","","","","","","","","","","","","","","","","","","","","","","","","","","","","","","","","","","5241154529","69","65","","","","","","","","","","","8380","","","","","","","","","","","","","","","","","","","","","","","","","","","","","","","","","","","","","","","","","","","","","","","","92","92","6190","","","","542","587","126","413","25119","1378","65391475","31542429","532837","11366194","781948","18200","375391","22580","","","","","","","4","2073"
"Sun Jul 01 00:00:00 UTC 2012","Tue Jul 31 23:59:59 UTC 2012","2","","","","","","","","","","","","","","","","","","","","","","","","","","","","","","","","","","","","","","","","","","","","","","","","","","","","","","","","","","","","","","","","","","","","","","","","","","","","","","","","","","","","","","","","","","","","","","","","","","","","","","","","","","","","","","","","","","","","","","","","","","","","","","","","","","","","","","","","","","","","","","","198372035","39557492203","66","66","3","","","328","","","","","308","","","","","","","","","","","","","","","","","","","","","","","","","","","","","","","","","","","","","","","5244251105","123","116","","","","","","","","","","","9134","","","","","","","","","","","","","","","","","","","","","","","","","","","","","","","","","","","","","","","","","","","","","","","","155","153","6183","","","","939","631","130","438","48106","2569","101871922","48764329","4263492","17479940","1080349","19506","452723","30894","","","","","","4","6","2429"
"Wed Aug 01 00:00:00 UTC 2012","Fri Aug 31 23:59:59 UTC 2012","1","","","","","","","","","","","","","","","","","","","","","","","","","","","","","","","","","","","","","","","","","","","","","","","","","","","","","","","","","","","","","","","","","","","","","","","","","","","","","","","","","","","","","","","","","","","","","","","","","","","","","","","","","","","","","","","","","","","","","","","","","","","","","","","","","","","","","","","","","","","","","","","217350962","45122140814","65","65","","","","381","1","50","","","316","","","","","","","","","","","","","","","","","","","","","","","","","","","","","","","","","","","","","","","5739519821","106","105","","","","","","","","","","","12102","","","","","","","","","","","","","","","","","","","","","","","","","","","","","","","","","","","","","","","","","","","","","","","","137","135","25871","","","","1881","854","77","262","48450","3620","103718842","50960505","1496768","39063369","671112","11255","568439","46824","","","","","","4","15","3018"
"Sat Sep 01 00:00:00 UTC 2012","Sun Sep 30 23:59:59 UTC 2012","","","","","","","","","","","","","","","","","","","","","","","","","","","","","","","","","","","","","","","","","","","","","","","","","","","","","","","","","","","","","","","","","","","","","","","","","","","","","","","","","","","","","","","","","","","","","","","","","","","","","","","","","","","","","","","","","","","","","","","","","","","","","","","","","","","","","","","","","","","","","","","","257658688","42833359276","69","65","","","","411","","2","","","361","","2","","","","","","","","","","","","","","","","","","","","","","","","","","","","","","","","","","","","","6062702413","187","173","","","","","","","","","","","165679","","","","","","","","","","","","","","","","","","","","","","","","","","","","","","","","","","","","","","","","","","","","","","","","167","165","34018","","","","1473","1121","77","304","41882","2155","103175879","52085760","1455302","28208290","566229","12732","521506","36996","","","","","","4","11","3511"
"Mon Oct 01 00:00:00 UTC 2012","Wed Oct 31 23:59:59 UTC 2012","","","","","","","","","","","","","","","","","","","","","","","","","","","","","","","","","","","","","","","","","","","","","","","","","","","","","","","","","","","","","","","","","","","","","","","","","","","","","","","","","","","","","","","","","","","","","","","","","","","","","","","","","","","","","","","","","","","","","","","","","","","","","","","","","","","","","","","","","","","","","","","","182893110","49108580269","66","66","2","","","364","","","","","358","","","","","","","","","","","","","","","","","","","","","","","","","","","","","","","","","","","","","","","5943639885","185","182","","","","","","","","","","","14104","","","","","","","","","","","","","","","","","","","","","","","","","","","","","","","","","","","","","","","","","","","","","","","","149","146","9776","","","","1096","1121","77","359","43837","5412","110931671","56194885","1024627","42767240","185139","16077","600144","57318","","","","","","5","9","3271"
"Thu Nov 01 00:00:00 UTC 2012","Fri Nov 30 23:59:59 UTC 2012","","","","","","","","","","","","","","","","","","","","","","","","","","","","","","","","","","","","","","","","","","","","","","","","","","","","","","","","","","","","","","","","","","","","","","","","","","","","","","","","","","","","","","","","","","","","","","","","","","","","","","","","","","","","","","","","","","","","","","","","","","","","","","","","","","","","","","","","","","","","","","","","118732557","50227581913","72","71","6","","","342","","","","","337","","","","","","","","","","","","","","","","","","","","","","","","","","","","","","","","","","","","","","","5956435789","169","166","","","","","","","","","","","8417","","","","","","","","","","","","","","","","","","","","","","","","","","","","","","","","","","","","","","","","","","","","","","","","268","266","23983","","","","3032","1159","119","910","47388","3321","116148930","58634387","1145432","17863205","330802","39669","616567","80146","","","","","","","12","6497"
"Sat Dec 01 00:00:00 UTC 2012","Mon Dec 31 23:59:59 UTC 2012","","","","","","","","","","","","","","","","","","","","","","","","","","","","","","","","","","","","","","","","","","","","","","","","","","","","","","","","","","","","","","","","","","","","","","","","","","","","","","","","","","","","","","","","","","","","","","","","","","","","","","","","","","","","","","","","","","","","","","","","","","","","","","","","","","","","","","","","","","","","","","","","104851056","104491909225","69","69","1","","","389","2","","","","378","2","","","","","","","","","","","","","","","","","","","","","","","","","","","","","","","","","","","","","","6156017485","241","239","","","","","","","","","","","9057","","","","","","","","","","","","","","","","","","","","","","","","","","","","","","","","","","","","","","","","","","","","","","","","308","305","13588","","1","80","1456","1190","158","668","30972","2090","107985594","53981871","1937903","21546853","450330","28113","440347","44216","","","","","","","8","3636"
"Tue Jan 01 00:00:00 UTC 2013","Thu Jan 31 23:59:59 UTC 2013","1","","","","","","","","","","","","","","","","","","","","","","","","","","","","","","","","","","","","","","","","","","","","","","","","","","","","","","","","","","","","","","","","","","","","","","","","","","","","","","","","","","","","","","","","","","","","","","","","","","","","","","","","","","","","","","","","","","","","","","","","","","","","","","","","","","","","","","","","","","","","","","","146653941","75314337923","71","71","","","","392","","","","","388","","","","","","","","","","","","","","","","","","","","","","","","","","","","","","","","","","","","","","","6030761805","227","227","","","","","","","","","","","12093","","","","","","","","","","","","","","","","","","","","","","","","","","","","","","","","","","","","","","","","","","","","","","","","384","384","13292","","","","453","1232","218","750","48228","5928","99093602","45383652","2677365","30200293","591357","31731","628655","83417","","","","","","2","10","3756"
"Fri Feb 01 00:00:00 UTC 2013","Thu Feb 28 23:59:59 UTC 2013","","","","","","","","","","","","","","","","","","","","","","","","","","","","","","","","","","","","","","","","","","","","","","","","","","","","","","","","","","","","","","","","","","","","","","","","","","","","","","","","","","","","","","","","","","","","","","","","","","","","","","","","","","","","","","","","","","","","","","","","","","","","","","","","","","","","","","","","","","","","","","","","121958410","67582549553","57","57","","","","337","1","","","","317","1","","","","","","","","","","","","","","","","","","","","","","","","","","","","","","","","","","","","","","6892576589","213","207","","","","","","","","","","","13390","","9895","","","","","","","","","","","","","","","","","","","","","","","","","","","","","","","","","","","","","","","","","","","","","","281","280","15974","","","","336","975","159","737","40173","3671","79168561","42546185","774136","28918623","436358","31986","524314","74889","","","","","","","11","4325"
"Fri Mar 01 00:00:00 UTC 2013","Sun Mar 31 23:59:59 UTC 2013","2","","","","","","","","","","","","","","","","","","","","","","","","","","","","","","","","","","","","","","","","","","","","","","","","","","","","","","","","","","","","","","","","","","","","","","","","","","","","","","","","","","","","","","","","","","","","","","","","","","","","","","","","","","","","","","","","","","","","","","","","","","","","","","","","","","","","","","","","","","","","","","","163513426","69056801057","72","72","","","","342","","","","","334","","","","","","","","","","","","","","","","","","","","","","","","","","","","","","","","","","","","","","","6974725965","251","244","","","","","","","","","","","8406","","21457","","","","","","","","","","","","","","","","","","","","","","","","","","","","","","","","","","","","","","","","","","","","","","316","313","17988","","","","556","569","195","531","45822","12506","93851242","45102875","950735","26574447","496521","22810","596080","119379","","","","","","10","20","5534"
"Mon Apr 01 00:00:00 UTC 2013","Tue Apr 30 23:59:59 UTC 2013","1","","","","","","","","","","","","","","","","","","","","","","","","","","","","","","","","","","","","","","","","","","","","","","","","","","","","","","","","","","","","","","","","","","","","","","","","","","","","","","","","","","","","","","","","","","","","","","","","","","","","","","","","","","","","","","","","","","","","","","","","","","","","","","","","","","","","","","","","","","","","","","","145622923","56209373498","68","68","","","","432","8","","","","413","4","","","","","","","","","","","","","","","","","","","","","","","","","","","","","","","","","","","","","","7750131533","428","422","","","","","","","","","","","12404","","36312","","","","","","","","","","","","","","","","","","","","","","","","","","","","","","","","","","","","","","","","","","","","","","318","314","18446","","","","117","577","155","397","43655","5217","95929097","47873590","626966","26127333","405223","17043","604225","104287","","","","","","11","19","5567"
"Wed May 01 00:00:00 UTC 2013","Fri May 31 23:59:59 UTC 2013","","","","","","","","","","","","","","","","","","","","","","","","","","","","","","","","","","","","","","","","","","","","","","","","","","","","","","","","","","","","","","","","","","","","","","","","","","","","","","","","","","","","","","","","","","","","","","","","","","","","","","","","","","","","","","","","","","","","","","","","","","","","","","","","","","","","","","","","","","","","","","","","182917330","53080202707","79","77","","","","365","3","2","","","347","1","","","","","","","","","","","","","","","","","","","","","","","","","","","","","","","","","","","","","","7822385120","298","295","","","","","","","","","","","11949","","48850","","","","","","","","","","","","","","","","","","","","","","","","","","","","","","","","","","","","","","","","","","","","","","335","326","19267","","","","547","538","139","249","56495","6781","100993356","49542866","683846","23817319","392777","10471","679778","133071","","","","","","17","18","6646"
"Sat Jun 01 00:00:00 UTC 2013","Sun Jun 30 23:59:59 UTC 2013","1","","","","","","","","","","","","","","","","","","","","","","","","","","","","","","","","","","","","","","","","","","","","","","","","","","","","","","","","","","","","","","","","","","","","","","","","","","","","","","","","","","","","","","","","","","","","","","","","","","","","","","","","","","","","","","","","","","","","","","","","","","","","","","","","","","","","","","","","","","","","","","","192094116","38097417613","61","57","","","","284","2","3","","","253","2","1","","","","","","","","","","","","","","","","","","","","","","","","","","","","","","","","","","","","","8164532192","321","318","","","","","","","","","","","9762","","134676","","","","","","","","","","","","","","","","","","","","","","","","","","","","","","","","","","","","","","","","","","","","","","235","232","25699","","","","5263","431","86","181","52245","11986","76260759","39111338","1420919","15394666","254093","7254","762781","155945","","","","","","14","16","11033"
"Mon Jul 01 00:00:00 UTC 2013","Wed Jul 31 23:59:59 UTC 2013","5","","","","","","","","","","","","","","","","","","","","","","","","","","","","","","","","","","","","","","","","","","","","","","","","","","","","","","","","","","","","","","","","","","","","","","","","","","","","","","","","","","","","","","","","","","","","","","","","","","","","","","","","","","","","","","","","","","","","","","","","","","","","","","","","","","","","","","","","","","","","","","","384976475","31022849290","36","31","","","","209","1","","","","172","1","","","","","","","","","","","","","","","","","","","","","","","","","","","","","","","","","","","","","","8194432992","506","491","","","","","","","","","","","12681","","95293","","","","","","","","","","","","","","","","","","","","","","","","","","","","","","","","","","","","","","","","","","","","","","130","124","29573","","","","32942","803","180","165","120218","17246","43767024","21693663","4518678","27202262","594537","6738","1444581","266100","","","","","","15","41","10408"
"Thu Aug 01 00:00:00 UTC 2013","Sat Aug 31 23:59:59 UTC 2013","","","","","","","","","","","","","","","","","","","","","","","","","","","","","","","","","","","","","","","","","","","","","","","","","","","","","","","","","","","","","","","","","","","","","","","","","","","","","","","","","","","","","","","","","","","","","","","","","","","","","","","","","","","","","","","","","","","","","","","","","","","","","","","","","","","","","","","","","","","","","","","","195664004","39493002728","102","88","3","","","403","","","","170","389","","","","168","","","","","","","","","","","","","","","","","","","","","","","","","","","","","","","","","","","10526457824","555","552","","","","","","","","","","","16571","","44957","","","","","","","","","","","","","","","","","","","","","","","","","","","","","","","","","","","","","","","","","","","","","","344","340","21064","","1","60","161155","930","210","335","52042","9386","101824458","47873334","1148366","30234681","571200","12243","707693","161802","","","","","","21","29","8551"
"Sun Sep 01 00:00:00 UTC 2013","Mon Sep 30 23:59:59 UTC 2013","1","","","","","","","","","","","","","","","","","","","","","","","","","","","","","","","","","","","","","","","","","","","","","","","","","","","","","","","","","","","","","","","","","","","","","","","","","","","","","","","","","","","","","","","","","","","","","","","","","","","","","","","","","","","","","","","","","","","","","","","","","","","","","","","","","","","","","","","","","","","","","","","233489119","48471217417","92","82","3","","","384","10","","","353","338","2","","","333","","","","","","","","","","","","","","","","","","","","","","","","","","","","","","","","","","","10670412423","549","544","","","","","","","","","","","9080","","52728","","","","","","","","","","","","","","","","","","","","","","","","","","","","","","","","","","","","","","","","","","","","","","349","347","23891","","","","202026","915","143","141","46199","16395","101297735","47344622","2435273","32620102","470640","6159","652784","224680","","","","","","46","24","10566"
"Tue Oct 01 00:00:00 UTC 2013","Thu Oct 31 23:59:59 UTC 2013","1","","","","","","","","","","","","","","","","","","","","","","","","","","","","","","","","","","","","","","","","","","","","","","","","","","","","","","","","","","","","","","","","","","","","","","","","","","","","","","","","","","","","","","","","","","","","","","","","","","","","","","","","","","","","","","","","","","","","","","","","","","","","","","","","","","","","","","","","","","","","","","","270859433","33157982813","118","115","","","","480","3","","","437","439","","","","410","","","","","","","","","","","","","","","","","","","","","","","","","","","","","","","","","","","10753503879","628","615","","","","","","","","","","","9367","","56768","","","","","","","","","","","","","","","","","","","","","","","","","","","","","","","","","","","","","","","","","","","","","","336","334","24315","","1","20","8468","1031","138","103","57097","11403","106351034","50168637","3608667","28060704","475244","4487","826209","193345","","","","","","12","83","9725"
"Fri Nov 01 00:00:00 UTC 2013","Sat Nov 30 23:59:59 UTC 2013","","","","","","","","","","","","","","","","","","","","","","","","","","","","","","","","","","","","","","","","","","","","","","","","","","","","","","","","","","","","","","","","","","","","","","","","","","","","","","","","","","","","","","","","","","","","","","","","","","","","","","","","","","","","","","","","","","","","","","","","","","","","","","","","","","","","","","","","","","","","","","","","215853095","34815662296","112","99","","","","412","1","","","361","373","1","","","343","","","","","","","","","","","","","","","","","","","","","","","","","","","","","","","","","","","12361413255","235","230","","","","","","","","","","","9230","","66812","","","","","","","","","","","","","","","","","","","","","","","","","","","","","","","","","","","","","","","","","","","","","","278","275","20060","","","","4132","818","136","93","52168","12237","93873836","45489735","2613292","26901098","450658","3820","710910","168265","","","","","","23","66","8318"
"Sun Dec 01 00:00:00 UTC 2013","Tue Dec 31 23:59:59 UTC 2013","","","","","","","","","","","","","","","","","","","","","","","","","","","","","","","","","","","","","","","","","","","","","","","","","","","","","","","","","","","","","","","","","","","","","","","","","","","","","","","","","","","","","","","","","","","","","","","","","","","","","","","","","","","","","","","","","","","","","","","","","","","","","","","","","","","","","","","","","","","","","","","","228771656","52269015855","153","149","1","","","431","","","","396","396","7","","","370","","","","","","","","","","","","","","","","","","","","","","","","","","","","","","","","","","","14662635294","389","383","","","","","","","","","","","112173","","35708","","","","","","","","","","","","","","","","","","","","","","","","","","","","","","","","","","","","","","","","","","","","","","336","334","18941","","","","5664","973","173","272","52819","12339","113627640","53736622","4184777","26066081","480289","9369","976118","194765","","","","","","1","9","9011"
"Wed Jan 01 00:00:00 UTC 2014","Fri Jan 31 23:59:59 UTC 2014","","","","","","","","","","","","","","","","","","","","","","","","","","","","","","","","","","","","","","","","","","","","","","","","","","","","","","","","","","","","","","","","","","","","","","","","","","","","","","","","","","","","","","","","","","","","","","","","","","","","","","","","","","","","","","","","","","","","","","","","","","","","","","","","","","","","","","","","","","","","","","","","741426772","40335014658","172","165","","","","457","2","","","428","421","","","","409","","","","","","","","","","","","","","","","","","","","","","","","","","","","","","","","","","","12818215940","444","433","","","","","","","","","","","12740","","34784","","","","","","","","","","","","","","","","","","","","","","","","","","","","","","","","","","","","","","","","","","","","","","489","482","43184","","","","2905","1233","182","349","82039","34320","91643877","44512283","989489","13406315","429253","10749","1219995","963208","","","","","","5","14","15240"
"Sat Feb 01 00:00:00 UTC 2014","Fri Feb 28 23:59:59 UTC 2014","","4884","","4","1","","","","","","19","1","","","11","5","8","1","1","27","40","35","49","","32","72","2445","2074","50","9","","","","","","","","","","","","","","","","","","","","","","","","3420","1","11","2","162","","4","5","2","9","13","4","2","","8","5","44","32","129","43","533","2350","51","1","1","","","","","","","","","","","","","","","","","","","","1","","","3","","","4","2685","445","360","","160","854","866","4900","","2","2","","","","2710","2","","","179","126","","","","","","","","6","","19","133","","629","","","","1043","","","489485787","41074826602","217","208","1","","","475","","","","444","446","","","","435","","","","","","","","","","","","","","","","","","","","","","","","","","","","","","","","","","","12735443972","1073","1058","","","","","","","","","","","9162","","30610","","","","","","","","","","","","","","","","","","","","","","","","","","","","","","","","","","","","","","","","","","","","","","740","738","44826","","","","3359","1828","132","212","120295","17344","83986967","42551659","1235904","45558901","366524","7449","1578750","339073","","","","","","3","16","13781"
"Sat Mar 01 00:00:00 UTC 2014","Mon Mar 31 23:59:59 UTC 2014","5","6449","","6","","","","","","","21","7","1","1","38","","1","1","17","8","45","90","53","","47","58","304","5658","75","18","","","","","","","","","","","","","","","","","","","","","","","","4679","10","9","1","8","2","1","3","1","33","32","18","13","3","22","32","7","7","92","206","177","3590","373","3","1","2","","","","","","","","","","","","","","","","","","","1","","","","1","","31","5259","716","992","1","365","1435","1750","9681","","8","11","","","","3354","1","3","","198","256","","","","","","","","8","","3","83","","771","","","","1344","","","337394238","42945909557","238","230","","","","525","4","","","477","489","2","","","466","","","","","","","","","","","","","","","","","","","","","","","","","","","","","","","","","","","13035975684","1140","1133","","","","","","","","","","","11817","","29422","","","","","","","","","","","","","","","","","","","","","","","","","","","","","","","","","","","","","","","","","","","","","","649","646","57283","","","","4569","1498","161","335","80913","15308","104905312","50792197","2504310","29253908","406887","11919","1194509","289568","","","","","","23","21","11284"
"Tue Apr 01 00:00:00 UTC 2014","Wed Apr 30 23:59:59 UTC 2014","1","6910","","3","","","1","","","","25","3","","","16","1","5","8","15","18","4","91","15","","54","81","89","2401","4033","43","4","","","","","","","","","","","","","","","","","","","","","","","5016","3","14","3","14","5","4","","9","12","65","1","1","1","17","16","19","43","176","40","42","968","3534","19","1","3","","","","","","","","","","","","","","","","","","","5","","","","","","1","5517","814","1188","","278","1527","1710","12722","","5","6","","","8","3815","","1","","283","389","","","","","","","1","11","","6","79","","782","","","","1585","","","330682523","40309778626","215","211","","","","475","1","","","455","453","","","","445","","","","","","","","","","","","","","","","","","","","","","","","","","","","","","","","","","","13192016900","1005","1002","","","","","","","","","","","9387","","33980","","","","","","","","","","","","","","","","","","","","","","","","","","","","","","","","","","","","","","","","","","","","","","765","728","64461","","","","4938","1521","131","478","55653","21204","93054029","46427367","2737266","44960779","303741","16347","894529","417591","","","","","","16","15","11944"
"Thu May 01 00:00:00 UTC 2014","Sat May 31 23:59:59 UTC 2014","1","8079","","12","","","","","","1","33","2","","","16","8","10","9","1","4","8","120","5","","52","97","81","220","5208","2150","39","3","","","","","","","","","","","","","","","","","","","","","","5588","3","14","3","7","19","","3","14","6","35","8","3","3","","11","7","3","41","30","84","1023","1261","2920","68","9","","","","","","","","","","","","","","","","","","","","","","3","","","10","5388","804","1002","3","562","1289","1728","5504","","16","","","","","5105","2","1","","110","438","","","","","1","","49","355","2","384","1177","","433","","","","1058","","","310127596","36467212409","240","228","","","","554","6","","","498","502","2","","","474","","","","","","","","","","","","","","","","","","","","","","","","","","","","","","","","","","","12198593931","1132","1119","","","","","","","","","","","26086","","29664","","","","","","","","","","","","","","","","","","","","","","","","","","","","","","","","","","","","","","","","","","","","","","581","578","60445","","","","5285","1830","117","830","52033","20862","108022086","55145302","4956011","47407652","440291","29199","841899","410939","","","","","","48","13","14549"
"Sun Jun 01 00:00:00 UTC 2014","Mon Jun 30 23:59:59 UTC 2014","3","8176","","10","1","","","","","","25","1","","6","33","12","4","1","4","28","25","172","5","","27","73","110","84","262","7214","60","17","","","","","","","","","","","","","","","","","","","","2","","5557","3","6","3","4","9","18","15","242","5","4","5","12","1","1","9","10","14","107","47","56","56","265","2835","1788","20","18","2","","","","","","","","","","","","","","","","","","","","","2","","","5073","708","1212","","354","1336","1463","1857","","23","3","","","","4613","2","3","","5","182","","","","","","","65","459","","579","1488","2","408","","","","688","8","","346920628","45265805103","273","259","4","","","600","14","","","481","516","14","","","466","","","","","","","","","","","","","","","","","","","","","","","","","","","","","","","","","","","12496856459","1353","1346","","","","","","","","","","","29543","","25276","","","","","","","","","","","","","","","","","","","","","","","","","","","","","","","","","","","","","","","","","","","","","","859","853","53712","","","","7036","2676","147","613","58523","22174","106807305","54430278","10356487","44838701","477499","21563","1004545","406371","","","","","","8","12","14083"
"Tue Jul 01 00:00:00 UTC 2014","Thu Jul 31 23:59:59 UTC 2014","1","9820","","17","","","14","","1","1","43","1","","5","14","2","1","7","4","18","89","239","4","","66","73","27","59","176","5948","2897","109","4","","","","","","","","","","","","","","","","","","1","","","6398","5","4","5","3","5","1","1","6","9","20","3","3","","27","11","7","4","98","11","59","21","105","266","5299","397","4","19","","","","","","","","","","","","","","","","","1","","","","4","","","5947","765","1637","1","327","1459","1758","4399","","9","6","","","7","5900","5","","","6","211","","","1","","","","79","585","","520","2686","3","257","","","","985","4","","733244315","37597231846","252","252","5","","","485","3","1","","440","456","2","1","","427","","","","","","","","","","","","","","","","","","","","","","","","","","","","","","","","","","","17532765579","896","884","","","","","","","","","","","11463","","32463","","","","","","","","","","","","","","","","","","","","","","","","","","","","","","","","","","","","","","","","","","","","","","469","463","60332","","1","100","5646","1411","127","675","112142","31006","115405378","56020282","7093520","33009014","358267","22234","2132272","643195","","","","","","2","26","19567"
"Fri Aug 01 00:00:00 UTC 2014","Sun Aug 31 23:59:59 UTC 2014","1","8073","","12","","","2","","","","21","","","","8","1","","2","5","34","17","287","9","","148","63","16","43","70","190","6853","267","25","","","","","","","","","","","","","","","","","","","","","4306","7","23","1","4","17","","1","13","8","3","4","2","","1","12","1","1","38","20","19","56","56","58","421","3519","12","1","1","","","","","","","","","","","","","","","","6","","","","","","1","4703","654","1640","1","149","1009","1250","2995","","6","14","","","","4639","1","2","","14","162","","","","","5","","38","554","","502","1816","1","268","3","","","673","58","","437159532","32711190974","231","234","2","","","424","1","1","","394","426","","","","400","","","","","","","","","","","","","","","","","","","","","","","","","","","","","","","","","","","17659307403","332","330","","","","","","","","","","","90796","","24717","","","","","","","","","","","","","","","","","","","","","","","","","","","","","","","","","","","","","","","","","","","","","","440","438","66688","","","","3176","1578","109","1209","68971","24471","102094794","50181639","4034953","38836001","214065","46378","1146430","496638","","","","","","16","10","19766"
"Mon Sep 01 00:00:00 UTC 2014","Tue Sep 30 23:59:59 UTC 2014","","8957","","2","","","","","4","","20","","","","9","2","1","3","","20","17","238","1","","65","40","42","58","90","150","1196","6837","145","14","2","","","","","","","","","","1","","","","","","","","","4098","4","1","5","4","21","","2","5","7","4","14","4","","1","10","4","8","49","35","9","11","74","105","77","1434","2192","9","","7","","","","","","","","","","","","","","","","","","","2","","","5970","620","2762","1","265","1037","1285","1333","","9","3","","","","4141","3","3","","7","145","","","","","3","","48","502","","396","1357","","286","158","","","707","5","","377594562","35251055403","227","224","1","","527","401","1","1","","374","385","1","1","","367","490","","329","","36","","","6","58877","1","","1","","","","","","","98095","","","","","","","","","","","5","","","","0","18439849355","289","288","","","","","","","","","","","11250","","24499","","","","","","","","","","","","","","","","","","","","","","","","","","","","","","","","","","","","","","","","","","","","","","409","403","53276","","","","2732","1083","48","753","66330","22848","98686966","49914125","2986567","72545447","102490","28191","1222618","481006","","","","","","19","10","13874"
"Wed Oct 01 00:00:00 UTC 2014","Fri Oct 31 23:59:59 UTC 2014","2","11334","","12","","","","","","","21","","","1","44","1","","1","1","24","39","460","16","","143","40","30","89","162","173","148","5454","4414","47","14","","","","","","","","","","","","","","","","","","","5216","15","12","6","2","2","1","","7","19","12","","5","","8","21","1","16","40","26","10","28","28","195","123","290","3839","506","1","","","","","","","","","","","","","","","","1","","","1","","1","","6053","800","2814","3","217","1030","1189","1430","","10","2","","","","5885","2","4","","8","242","","","","","","","77","735","","558","1214","","297","1142","","","894","154","","457834466","47453452062","282","243","1","","675","631","34","","","457","455","3","","","430","636","","356","","38","","","4","","","","","","","","","","","","","","","","","","","4","","","","","","","","18245395851","499","418","","","","","","","","","","","15045","","29918","","","","","","","","","","","","","","","","","","","","","","","","","","","","","","","","","","","","","","","","","","","","","","535","526","55177","","","","3505","882","47","487","74205","29115","111752556","54882167","8010053","40172583","122764","16510","1331061","517461","","","","","","16","21","16729"
"Sat Nov 01 00:00:00 UTC 2014","Sun Nov 30 23:59:59 UTC 2014","1","12901","","19","1","","","","1","","17","","","","41","1","","","2","32","14","414","2","","528","40","24","201","128","69","160","343","7782","3046","16","20","","","","","","","","","","","","","","","","","","4747","8","6","","13","11","1","3","2","6","3","","4","","6","4","1","4","70","60","16","21","49","130","63","126","739","3337","44","9","5","","","","","","","","","","","","","","","","","","","","6","4660","786","1557","","163","835","1319","1021","","16","2","","","","7602","","4","","6","251","","","2","","1","","122","782","","578","1412","","253","2222","","","894","611","","632904869","76284817949","250","249","","","701","464","6","","","434","427","","","","424","662","","364","","38","","","","","","","","","","","","","","","","","","","","","","","","","","","","","","20698260875","939","930","","","","","","","","","","","30330","","30931","","","","","","","","","","","","","","","","","","","","","","","","","","","","","","","","","","","","","","","","","","","","","","389","386","61038","","1","20","2956","1827","77","501","98176","48622","102498827","53082751","3064123","176766939","220169","17367","1661107","1235605","","","","","","19","22","20546"
"Mon Dec 01 00:00:00 UTC 2014","Wed Dec 31 23:59:59 UTC 2014","","11355","","6","1","","","","","","18","","","","26","","4","1","1","9","14","528","13","","345","22","54","58","61","57","82","170","603","9061","64","157","","","","","","","","","","","","","","","","","","5003","4","10","","","2","","","2","11","4","","1","","16","","1","2","20","47","5","6","24","46","58","96","178","1720","2733","12","2","2","","","","","","","","","","","","","","","","1","","","","5315","917","1598","","138","1004","1658","829","","13","2","","","","6166","","1","","10","151","","","","","","","99","606","","575","1046","","219","2032","","","558","439","","555561097","162260562119","256","248","1","","496","496","3","","","471","491","2","1","","472","457","","366","","38","","","10","0","4","","","4","","","","","","103","","","","","","","","","","","6","","","","4546","23207200139","1151","1147","","","","","","","","","","","10830","","28668","","","","","","","","","","","","","","","","","","","","","","","","","","","","","","","","","","","","","","","","","","","","","","426","426","97778","","","","73767","2507","124","806","95297","32742","110663535","56017090","96378414","685853323","289398","28718","1638372","616681","","","","","","11","20","19597"
"Thu Jan 01 00:00:00 UTC 2015","Sat Jan 31 23:59:59 UTC 2015","1","16819","","9","2","","8","","","2","52","1","","","32","1","","19","1","31","13","706","2","","413","42","11","105","112","75","49","158","2590","9009","3274","48","54","","","","","","","","","","","","","","","","","6437","6","6","2","4","4","7","1","2","17","","","","","5","2","3","12","39","24","4","10","32","2","27","193","610","155","3235","1997","19","4","","","","","","","","","","","","","1","","","","","14","","7394","950","2392","","204","1198","2650","1140","","15","1","","","","8585","","4","","5","231","","","","","2","","69","677","","604","1310","","342","3236","","","485","1142","","699787061","104599845406","217","214","","","524","571","91","","1","463","559","1","","","479","483","","350","","40","","","4","0","","","","","","","","","","0","","","","","","","","","","","4","","","","0","23867341595","1382","1360","","","","","","","","","","","10680","","40375","","","","","","","","","","","","","","","","","","","","","","","","","","","","","","","","","","","","","","","","","","","","","","386","377","97632","","","","27174","2385","104","38300","106513","51409","94810570","50264370","49725770","368182749","260122","1455832","1602657","938697","","","","","1","","23","27294"
"Sun Feb 01 00:00:00 UTC 2015","Sat Feb 28 23:59:59 UTC 2015","","16302","","7","","","","","","","22","1","","","47","","","","1","31","18","620","4","","301","22","49","113","153","53","39","254","135","843","13345","189","54","1","","","","","","","","","","","","","","","","5960","22","6","4","3","5","1","3","4","5","1","14","","","5","","14","37","38","79","10","6","14","16","17","165","70","61","176","4952","212","2","","13","","","","","","","","","","","3","","","","","","2","6824","813","2965","","62","1065","1919","56","","24","4","","","","7999","","7","","5","197","","","","","1","","37","508","","542","976","","426","3236","","","572","1066","","809116954","91005003520","234","229","1","","534","402","2","","43","343","349","","","4","341","491","","352","","42","","","3119","3970887","44","","28","16","","","","","","4011552","","1511","4","","4","","","39","4","1","1490","5","5","1526","1975","23870413595","981","970","","","","","","","","","","","15848","","37141","","","","","","","","","","","","","","","","","","","","","","","","","","","","","","","","","","","","","","","","","","","","","","387","383","94173","","2","200","6825","2298","149","56990","134830","66180","87964891","48383663","66010197","230862835","355977","2167101","1862207","1146476","287","93","30","34","1055","16","27","25970"
"Sun Mar 01 00:00:00 UTC 2015","Tue Mar 31 23:59:59 UTC 2015","1","17213","","4","","","","","","","13","","","","38","","","","1","33","18","713","5","","228","21","17","41","293","110","49","134","1385","219","5226","8537","107","17","","","","","","","","","","","","","4","","","6123","7","13","1","1","3","","","","16","","3","","2","4","1","15","10","20","75","5","7","5","12","46","119","125","50","311","715","4498","50","4","4","","","","","","","","","","","1","","","","","","","6982","1436","2464","","150","891","2041","148","","6","11","","","1","8615","","","1","11","139","","","","","","","47","545","","481","940","","270","3682","","","649","1147","","691849720","117766416214","232","230","3","","592","847","59","1","240","440","469","13","1","1","433","541","","358","","50","","","4160","10622817","42","2","12","28","2062","2321","","","","10497635","5","2045","11","3","1","1","7","237","8","","1843","25","25","1838","2473","23411989275","1643","1639","","","","","","","","","","","11373","","39081","","","","","","","","","","","","","","","","","","","","","","","","","","","","","","","","","","","","","","","","","","","","","","512","509","146773","","1","100","6826","1655","122","55775","117261","56195","128404585","65396911","103345208","309061223","287999","2113262","1828190","978525","2335","237","32","281","3106","35","21","27924"
"Wed Apr 01 00:00:00 UTC 2015","Thu Apr 30 23:59:59 UTC 2015","","19459","","7","","","","","","","20","1","","2","26","1","1","1","1","6","23","580","27","","176","39","14","48","288","82","25","107","1627","284","685","9381","5931","51","25","","","","","","","","","","","","","","","7499","7","4","5","2","4","5","1","1","9","21","3","2","","2","3","16","13","31","73","2","5","11","7","51","184","57","1086","403","84","1359","4025","16","2","","","","","","","","","","","","","","","4","1","","7111","1144","3017","","631","380","1939","183","15","2","14","","","","9897","","5","","4","128","","","","","1","","29","562","","689","1299","","322","3758","","","562","1160","","800230158","73944137786","184","181","6","293","598","584","4","26","66","467","496","1","2","35","450","551","549","373","373","46","46","596","2047","2340067","25","","","25","459","731","272","","","2562773","1","667","48","10","23","18","15","50","","","646","316","316","622","3078224","26395687707","1804","1796","","","","","","","","","","","29478","","44149","107","5429","1932","10401","582","244","44","3454","27","27","5351","111","315","19","2601","","4","","3723","1165","2484","2083","","92","0","","","","","1","1","60","0","277","0","0","0","","","0","0","","","481","42","461","457","105622","","1","20","6616","1460","95","675","138466","51061","100808452","52967976","54996169","157044728","206943","22609","2428067","895244","9851","288","830","682","7142","12","37","32808"
"Fri May 01 00:00:00 UTC 2015","Sun May 31 23:59:59 UTC 2015","2","17972","","10","","1","","","","","22","","","","9","","1","","1","7","22","1499","11","","228","39","10","70","400","147","49","57","696","197","324","329","10439","3376","22","4","","","","","","","","","","","","","2","7464","4","40","14","6","4","","4","1","13","2","","1","","4","","8","2","72","80","12","6","11","51","5","335","46","25","156","65","144","3763","2586","","2","","","","","","","","","","","","","","","","2","7194","1198","3099","","668","466","1763","105","54","","17","","","1","11993","","5","","10","106","","4","","","","","28","495","","1008","3938","","202","4483","","","390","1324","","806786119","72986755352","249","241","1","590","657","795","4","21","154","632","670","1","","126","594","600","598","409","409","56","56","655","2471","1898012","326","","2","324","10886","11064","178","","","2048108","14","1642","106","","85","85","21","63","","","1868","58","56","1593","19984","26615290651","2060","2012","0","37","90","80","16","26","1","21","24","20","41787","","44728","231","6128","2703","9553","747","367","22","2089","66","10","9764","189","465","28","4710","","1","","3771","401","2205","1679","","92","0","","","","","1","1","74","0","286","0","0","0","25","0","0","0","","","560","51","405","399","93806","","","","11640","1385","88","890","115775","63883","113655779","62888534","91323985","33095796","243057","28722","2162883","1372842","4364","343","420","147","9614","18","56","32089"
"Mon Jun 01 00:00:00 UTC 2015","Tue Jun 30 23:59:59 UTC 2015","1","30502","","14","","","","","","","26","3","","2","17","","1","","4","30","38","6969","3","","377","55","14","97","770","130","36","71","955","379","122","225","884","19155","89","36","","","","","","","","","","","","","","8655","2","5","2","","1","","","1","27","8","3","3","","7","3","3","1","44","5","18","7","8","32","4","134","73","26","291","85","45","537","7235","38","1","1","","","","","","","","","2","","","2","","1","","11107","1732","4409","","1349","564","3053","891","46","","11","","","","17603","","15","","5","201","","1","","","","4","57","678","1","2250","4719","","416","7209","1","","517","1528","1","985219578","110564796692","280","275","1","687","714","747","35","16","59","532","633","12","6","33","511","652","650","421","421","61","61","712","2452","2526843","9","","9","","","","","","","2694785","25","2075","58","","46","46","12","59","1","","2062","79","70","2041","244083","26256351232","1992","1967","6","104","197","70","48","108","1","70","74","72","14185","","69074","210","10606","2700","10649","1082","447","53","3053","186","110","24182","206","399","64","4913","","3","","4857","481","2662","2376","","114","0","","","","","1","1","75","1","301","0","0","0","33","0","","","","","600","52","394","379","123190","","","","25479","2992","74","40793","94439","84610","124285524","74269285","98626901","110104393","213451","1567673","1953421","1908510","5631","385","581","24","8735","47","48","48352"
"Wed Jul 01 00:00:00 UTC 2015","Fri Jul 31 23:59:59 UTC 2015","","31840","","26","","","","","","3","41","5","","","10","","","5","5","24","60","1046","1","","404","55","14","149","1351","114","85","66","2517","361","110","139","393","20234","4543","52","13","","","","14","","","","","","","","","11288","","6","3","","5","8","","2","13","3","3","1","","16","4","4","2","23","10","10","12","21","8","17","327","59","89","768","79","82","166","2702","6786","49","1","1","","","","","","","","","","","","1","4","3","12118","1450","3842","","1787","571","4468","4169","65","","28","","","","31757","","20","","9","241","","2","1","","1","9","58","985","","1102","5315","","434","20327","41","","946","2241","24","1539356083","129188886558","286","282","4","1364","762","923","36","5","56","706","791","21","3","28","672","693","691","459","459","67","67","760","2494","1445873","38","","18","20","1143","34090","","","","1574678","7","2082","6","","1","1","5","55","2","","2057","42","24","2034","1066931","26660359975","2233","2227","0","141","58","17","31","155","3","46","57","44","10738","","92217","164","15965","2416","10268","832","287","95","2979","172","34","41763","591","398","19","5225","","45","","4302","1045","3344","2272","","115","0","","","","","1","1","75","2","323","0","0","0","34","0","","","","","627","55","633","627","164730","","","","8910","2663","95","103056","113132","143682","134693337","75326510","100868535","150464043","190146","3900480","2414212","3378589","9583","1615","711","","10605","52","29","68465"
"Sat Aug 01 00:00:00 UTC 2015","Mon Aug 31 23:59:59 UTC 2015","4","33427","","6","","","","1","","1","44","1","","1","13","49","","6","3","6","26","672","1","","309","30","1","98","1034","55","40","53","1371","248","174","2040","438","1352","25162","163","28","1","","","","","","","","","","","","12581","","4","11","5","","1","2","2","14","","4","3","","1","3","1","3","12","9","8","20","10","5","","358","28","8","129","70","25","82","352","6206","5170","32","2","","","","","","","","1","","","","","","","11042","1477","4201","","1346","551","3467","9810","91","","18","","","9","22216","","21","","6","303","","1","2","","1","5","34","730","","1693","5354","1","441","10677","19","","666","2250","12","1368950708","154834966561","309","319","6","1834","832","1119","50","20","118","765","929","21","9","76","724","756","754","500","500","74","74","830","2531","14184126","46","","15","31","","","","","","12709521","2","2307","15","","","","15","117","1","","2258","107","92","2191","372803","32222128444","2001","1996","0","31","25","21","33","103","2","46","53","47","165352","","90492","326","15264","3292","11213","883","512","115","3372","306","69","33840","90","1664","29","4845","2","35","","4487","1416","4923","3809","","119","0","220","0","","","1","1","70","8","345","0","0","0","44","0","","","","","671","53","534","535","208550","","","","11509","2911","172","113252","122940","124137","148827473","87415709","133347239","80680049","331567","4225987","2111555","2698650","13254","1864","912","2","11170","62","35","61646"
"Tue Sep 01 00:00:00 UTC 2015","Wed Sep 30 23:59:59 UTC 2015","5","25467","","15","","","","","","","17","","","1","7","5","","","","7","28","464","4","","143","38","5","129","595","41","53","24","335","194","77","220","514","409","4842","17212","73","11","","","","","","","","","","4","","8828","1","4","6","","","","","3","6","1","9","","","4","2","","","18","7","4","","","11","11","136","19","19","112","39","15","100","277","269","7341","386","24","","4","","","","","","","","","","","","","8297","1017","3739","","611","408","2522","6804","124","","13","","","1","15718","","17","","12","115","","","","","","16","17","398","1","58","4362","3","186","6787","885","","521","2270","70","1040636190","143411923647","343","357","3","364","812","932","10","4","42","805","1008","4","5","86","813","743","741","492","492","67","67","810","2174","5337158","70","","","70","131","367","","63","123","3998681","11","1909","6","","2","","4","40","2","","1957","95","95","1880","69713","27485528465","2014","1964","0","26","17","30","27","85","2","36","42","37","162868","","65234","371","12215","2662","9774","657","222","47","3131","187","86","19227","163","3701","29","4696","","1","","4453","120","1949","1543","","123","0","201","0","","","1","1","71","7","375","0","0","0","42","0","","","","","656","48","643","604","128536","","","","15896","2715","118","124191","134967","87749","155779669","86827194","118545743","94181122","180018","4709938","2681049","1606085","1458","133","73","9","7118","28","40","44440"
"Thu Oct 01 00:00:00 UTC 2015","Sat Oct 31 23:59:59 UTC 2015","1","26905","","7","1","","","","","","25","1","","2","3","","2","3","","6","43","251","1","","121","23","7","77","665","40","24","39","383","101","92","134","712","304","626","12607","10478","63","64","","","","","","","","","","","8491","1","4","5","3","1","1","","1","1","","2","91","1","1","2","","10","10","12","4","1","8","3","7","85","22","17","25","41","37","28","337","200","1519","5967","31","9","4","","","","","","","","","","","","","7709","864","3499","","300","260","2786","833","94","","16","","","","15659","","10","","","97","2","","","","","6","19","431","","56","4119","7","194","5020","3258","","257","837","1346","926438984","141683113627","290","265","1","158","841","1020","","1","42","857","966","1","3","29","841","770","768","508","508","69","69","839","2497","2481978","112","","","112","2315","3275","","382","578","2360221","119","1649","7","","","","7","42","4","2","2291","41","41","1726","46614","29238182289","2063","2055","0","111","93","14","26","79","2","34","36","35","191372","","59680","295","6512","2970","10437","644","372","72","2837","230","50","19738","107","3885","41","4605","","","","4118","83","1709","975","","123","0","225","0","","","1","1","77","1","389","0","0","0","0","0","","","","","683","57","473","476","225481","","3","300","21210","5458","125","148613","137531","79293","162512790","73163929","123871029","78018708","218013","5736288","1953513","1246866","500","63","65","21","5723","19","28","44708"
"Sun Nov 01 00:00:00 UTC 2015","Mon Nov 30 23:59:59 UTC 2015","7","25249","","6","","","","","","","9","1","","","5","","","2","4","1","58","238","5","","154","10","14","71","514","23","25","54","364","114","85","117","627","319","597","655","21024","119","33","1","","","","","","","","","","7785","","1","3","1","","1","","","9","","","166","","","4","","4","30","6","1","4","6","6","2","75","23","30","12","84","29","16","448","42","150","2148","4400","64","2","9","","","","","","","","1","6","","2","7416","755","3504","","272","262","2623","374","132","","15","","","","16034","","8","","12","80","","","1","","1","1","39","253","","35","4443","","120","4755","3777","","207","713","1589","869587242","149408748053","307","307","5","","844","897","1","1","15","854","885","","","13","846","773","771","514","514","69","69","842","2815","2269713","365","","","365","21135","25321","","981","3205","2336598","44","1974","","","","","","15","1","","2425","9","9","2003","15875","30753505870","2229","2223","0","73","34","17","35","163","3","51","73","53","57678","","56948","118","6488","2980","9971","701","271","69","3236","188","87","18797","819","2693","19","4003","","","","4021","90","1731","666","","124","0","225","0","","","1","1","77","2","401","0","0","0","0","0","","","","","690","57","622","610","210068","","","","27323","3217","122","127594","130720","64412","170157681","72168747","144203045","73673347","183175","4926396","1865753","1078440","5117","126","46","28","5526","29","29","41237"
"Tue Dec 01 00:00:00 UTC 2015","Thu Dec 31 23:59:59 UTC 2015","2","21560","","19","","","","1","","","7","","","","2","","","1","3","6","44","234","","","134","13","6","39","588","17","30","30","445","102","52","85","546","121","149","220","4737","13796","75","58","","","","","","","","","","7086","","","11","1","","","","1","4","2","1","2","1","1","9","1","2","35","4","1","3","4","10","14","32","7","13","21","14","5","10","287","64","72","148","4806","1457","38","2","","","","","1","","","","1","1","","6435","581","2920","","136","206","2592","329","113","","10","1","","","16289","","9","","3","54","","","","","","","64","298","","34","4819","","92","4645","4371","","129","320","1451","723660796","127505142666","1738","1734","1","59","853","1910","166","","447","1394","1877","162","3","56","1379","778","776","529","529","73","73","851","3615","4731744","900","","1","899","993","1581","","242","346","4791002","13","2222","","","","","","12","1","","2699","3","3","2222","24145","32067830303","2875","2870","3","49","41","11","49","235","3","71","100","75","31009","","51769","67","5930","3003","8733","862","317","76","2653","89","23","18221","499","1503","38","4060","","1","","3512","70","1623","489","","124","0","230","0","1","0","1","1","74","2","482","0","0","0","0","0","","","","","700","61","556","477","355032","","","","26493","1894","113","119505","110482","72398","206498311","94134638","143820436","57050716","204489","4651162","1561817","1191762","65976","301","146","382","38564","17","20","36980"
"Fri Jan 01 00:00:00 UTC 2016","Sun Jan 31 23:59:59 UTC 2016","1","31142","","4","1","","","","","","11","2","","5","5","","","","5","10","43","179","","","163","82","11","91","849","20","26","41","697","40","43","136","272","160","162","299","1238","23526","2990","30","","1","","","","","","","","7592","2","3","4","3","4","","","1","3","","","1","","1","4","1","2","8","9","3","1","7","24","8","83","9","15","16","101","13","36","387","49","76","84","278","5951","398","3","1","","","","","","","","1","1","1","7684","553","3551","","151","218","3211","299","112","","17","","","1","19357","","6","","9","95","","","","","","3","113","317","","47","5051","14","115","3512","7220","","164","498","2193","869621463","194437596096","3622","3611","5","104","863","2009","4","","62","1937","1979","1","","49","1926","787","785","540","540","74","74","861","4263","4429539","1034","","1","1033","2310","5834","","318","337","7494178","14","2732","","","","","","16","","","3202","12","11","2727","13178","37971059231","2876","2864","","","","","","","","","","","14833","","66107","120","6179","2644","12111","711","260","33","2662","161","78","27127","727","2094","34","4991","","","","3915","33","1553","674","","124","0","233","0","1","0","1","1","74","2","488","0","0","0","0","0","","","","","719","63","460","457","312658","","","","13511","4844","146","107431","111669","87772","242210767","107893606","154405230","125662563","273774","4185205","1578645","1391584","457494","37","590","1610","275102","15","29","52693"
"Mon Feb 01 00:00:00 UTC 2016","Mon Feb 29 23:59:59 UTC 2016","","33166","","1","","","","","","","12","","","7","15","","1","","2","4","45","157","","","138","21","10","80","752","13","24","29","680","65","32","144","177","226","182","143","1301","3149","25466","267","","23","","","","","","","","8635","","","1","3","2","","","","18","2","3","1","","15","11","28","1","3","2","2","","5","3","3","108","9","13","10","74","16","26","294","172","149","50","129","2258","5171","41","9","","","","3","","","","","","","9924","524","5187","","115","149","3949","407","131","","26","","","3","20135","","9","","2","78","","","","","","1","37","310","","50","5907","1","166","2668","7396","","92","492","2926","957906438","219543860427","3100","3095","","104","879","2010","2","2","22","1955","1977","1","1","12","1948","797","795","547","547","80","80","877","3258","4116015","241","1","5","235","3065298","3300816","","235105","422","18906443","15","2431","5","","","","5","16","5","3","2972","21","18","2407","9682","32245260831","2198","2190","0","126","32","15","44","276","4","63","121","66","20941","","72307","284","7752","3457","12082","578","414","54","2793","441","101","29784","563","1834","36","4960","","20","","4604","32","1621","889","","124","0","246","0","1","0","1","1","75","2","423","0","0","0","0","0","","","","","724","67","482","477","157822","9","","","421691","4408","160","103028","131434","91272","263829013","116161517","209103641","109012905","421965","3996728","1918851","1498357","406167","143","419","956","294083","13","34","55802"
"Tue Mar 01 00:00:00 UTC 2016","Thu Mar 31 23:59:59 UTC 2016","1","40496","","11","","","","","","","20","","","","7","","1","1","","6","43","277","","","198","9","5","97","1029","18","20","52","990","89","18","197","195","308","365","107","1457","1319","14765","18798","","80","14","","","","","","","10506","4","4","4","1","6","1","","","15","1","","2","1","","5","27","","9","12","5","1","3","11","2","77","13","17","36","32","12","15","500","57","76","18","117","233","5305","3844","15","17","","","","","","","1","","","11337","375","5459","","71","128","3306","580","124","","28","3","2","2","46894","6","16","2","6","59","","","","","","24","16","384","","88","19198","","160","10818","12306","","117","525","3166","1301208887","261854262572","4172","4182","","169","945","2897","4","40","34","2786","2804","","3","18","2775","826","823","557","557","117","117","942","4018","529570","303","17","2","284","2571","3243","","262","410","2991683","1","3167","14","","","","14","28","5","1","3637","31","31","3110","1754060","36008731911","2950","2921","6","93","34","25","67","269","3","83","110","84","32544","","109882","239","18960","3935","16603","1461","907","97","5255","317","138","43376","639","2207","62","6533","","43","","4862","68","3050","1129","","125","0","236","0","1","0","1","1","76","1","443","0","0","0","0","0","","","13","36","763","70","529","519","946740","","","","23018","6385","137","98271","157536","131262","317792226","153408675","278682473","112354835","338330","3812479","2310624","2318119","405951","337","152","158","272026","134","39","71514"
"Fri Apr 01 00:00:00 UTC 2016","Sat Apr 30 23:59:59 UTC 2016","3","44291","","8","","","","","","","9","","","","1","1","","28","1","2","24","298","1","1","121","17","4","110","695","21","29","53","510","59","27","801","185","289","951","117","1484","1038","956","32420","","3978","50","2","","","","","","10397","","","11","5","8","1","","8","1","","2","","1","","2","8","","2","4","","","11","3","11","85","60","7","18","44","6","7","434","23","91","34","129","151","226","8700","254","31","3","","","","","1","2","1","","10852","453","5260","","73","129","4937","26692","126","","29","","","","62050","","17","","10","70","","","1","","1","","21","306","","51","34311","","200","11927","11565","","80","457","3031","1487986064","309447623166","4250","4241","2","202","1011","2934","16","55","17","2841","2828","2","3","9","2805","927","924","594","594","82","82","1008","4018","356015","239","","1","238","8532","10186","","418","1236","2446717","16","3097","100","","","","100","12","1","","3649","18","17","3087","6630709","36565645511","3076","3048","21","37","15","26","53","190","2","67","86","68","101885","","154428","396","43054","7933","28759","2770","1373","88","7277","381","117","42438","666","2215","29","6110","","40","","5392","146","4075","1169","","124","0","247","0","1","0","1","1","76","1","446","0","0","0","0","0","","","109","0","792","71","505","502","232870","","","","39008","10924","131","105718","169376","108021","311398483","155808202","232391645","279572942","299076","4107005","2562707","2242689","170553","45","759","30","123782","477","41","80616"
"Sun May 01 00:00:00 UTC 2016","Tue May 31 23:59:59 UTC 2016","4","50493","1","10","","","","","","","25","","","","10","","2","1","6","1","38","248","2","","160","12","22","90","623","19","30","42","631","54","42","2441","198","416","1534","132","1627","411","439","5673","","35101","427","24","1","","","","","16192","1","","5","1","5","","","3","10","2","","","","","2","18","1","7","8","13","","4","5","15","73","11","23","16","87","9","7","308","26","37","29","53","137","139","1939","13122","40","14","","","","","","","","","10906","493","4314","1","155","119","5824","15907","119","","38","1","","","44040","","18","","5","109","","","","","","3","23","390","3","46","17292","2","170","3821","18087","","124","506","3434","2081091183","375528619950","5232","5032","7","162","1102","3273","2","113","53","3058","3137","1","73","43","3017","1009","1005","635","635","91","91","1098","5206","187351","495","","1","494","1093","1683","","155","435","3768619","1","3278","146","","","","146","39","1","","4469","57","56","3233","2488075","37564766407","4045","4012","7","67","34","19","66","288","2","98","131","96","132724","","141142","570","13020","3160","24664","3466","2055","158","7616","400","307","59224","579","1887","50","6047","","2514","2","5460","50","3029","3330","3554","124","0","412","0","1","0","1","1","40","1","457","0","0","0","0","0","","","218","0","823","76","564","554","137053","","","","56478","13742","137","108208","218235","167418","348127507","171914516","239402811","333554348","277943","4217431","3246889","3766841","","","","","","1201","30","119925"
"Wed Jun 01 00:00:00 UTC 2016","Thu Jun 30 23:59:59 UTC 2016","1","104237","","4","","","","","","","24","","","","11","","","","4","11","45","440","","","325","28","3","216","912","29","32","71","1291","75","53","38763","240","385","3583","81","2412","424","495","2384","","17742","33989","146","19","","","","","15415","","3","8","4","34","1","","1","11","9","1","1","","","","1","2","16","10","6","1","7","2","12","86","8","2","23","64","14","12","214","74","101","109","54","124","177","675","6337","7152","50","7","1","","","","","1","","15527","393","5073","","187","159","9715","12623","156","1","51","","","","58138","","42","","4","87","","","","1","2","5","26","628","1","102","18633","1","273","4712","27850","31","137","447","5156","3381704486","458379639247","4393","4385","1","113","1150","4006","","9","46","3897","3927","","","29","3888","1058","1054","644","644","90","90","1146","4478","212234","462","","","462","815","1343","","163","365","3048090","2","3489","38","","","","38","33","","","3901","39","39","3428","3953461","41791428807","3069","3050","","","","","","","","","","","119553","","213366","202","12185","3505","44377","3544","1918","137","22158","200","69","98050","629","1890","49","6323","","1814","","4952","59","2899","1036","7367","124","0","426","0","1","0","1","1","49","1","465","0","0","0","0","0","","","242","0","852","75","514","506","254272","","","","44042","15360","218","105091","176975","367524","337091999","162101410","315844600","430922832","336335","4105410","2181064","6391068","","","","","","48","29","178052"
"Fri Jul 01 00:00:00 UTC 2016","Sun Jul 31 23:59:59 UTC 2016","1","76720","","3","","","","","","","24","","","","8","","1","3","","4","34","307","","","159","30","2","143","541","14","25","34","941","66","39","28348","219","230","2585","89","1890","223","188","1371","","1477","36856","808","46","10","","","","10027","","2","","4","9","","","","21","1","","","","1","","3","1","15","12","5","6","3","3","11","63","7","8","15","33","13","12","136","31","40","49","24","93","29","295","423","8608","48","2","","1","","","","","","10904","294","4434","","102","75","5997","16703","91","","24","","","1","43875","","28","","6","48","","","","2","1","5","29","386","","74","16281","1","152","3180","19787","95","30","302","3467","2184208143","438147588537","3580","3531","6","253","1157","3291","1","","39","3216","3229","1","","26","3204","1068","1064","654","654","87","87","1153","4077","123436","526","","","526","552","1114","","176","386","3436882","","3308","3","","","","3","21","","","3515","2","2","3260","1245922","42296449223","3004","2986","","","","","","","","","","","114631","","162116","163","12461","2884","40782","3332","2197","87","15530","146","51","62910","518","1756","27","6106","","1045","","3879","15","3459","886","3871","124","0","472","0","1","0","1","1","49","1","471","0","0","0","0","0","","","241","0","874","76","521","515","549392","","","","58850","12272","156","97036","170853","199836","293005001","143885039","325245926","250937473","345568","3953400","3","723","","","","","","11","26","127680"
"Mon Aug 01 00:00:00 UTC 2016","Wed Aug 31 23:59:59 UTC 2016","2","29604","","1","","","","","","","9","","","","1","","","2","","3","17","123","","","51","10","","34","159","12","14","24","384","35","11","1667","63","152","1001","102","1130","92","81","653","","436","11220","11929","153","12","","","","6614","","31","2","4","","","","","2","","","1","","","","1","","17","10","","","4","2","7","37","2","2","5","20","6","","141","6","8","4","19","69","34","262","281","3490","2137","11","","4","1","","","","","6486","121","3236","","77","56","3014","29455","557","2","24","123","","","16048","","30","","2","36","","","","","","1","10","114","","28","3598","","40","1330","8731","69","33","131","1865","6499649347","556596421012","3480","3436","","180","964","2391","16","2","87","2283","2309","2","2","38","2258","868","864","671","671","94","94","960","7198","241868","356","1","2","353","1503","2363","","248","612","4415437","148","4369","6","","","","6","53","8","4","6737","6","4","4432","2305792","42940152389","2580","2531","","","","","","","","","","","254011","13","148290","42","14224","2254","13638","3314","2329","131","7683","203","94","27301","439","1324","36","3761","","1027","","2699","","6402","812","2598","134","0","516","0","1","0","1","1","49","1","479","0","0","0","0","0","","","246","0","948","84","436","428","293006","","","","38641","9078","175","92565","450880","154052","255668432","124879651","513112739","264291921","411661","3817199","1","673","","","","","","90","29","202916"
"Thu Sep 01 00:00:00 UTC 2016","Fri Sep 30 23:59:59 UTC 2016","6","304","","","","","","","","","","","","","","","","","","","2","2","","","2","","","1","2","","","2","5","","","11","1","1","12","3","15","","","11","","4","26","201","159","","","","","71","","","","","","","","","","","","","","","","","","","","","","","","","1","","","","","","","","","1","","1","","","4","11","5","51","19","","","","","","","","52","5","64","","","2","42","157","23","","","1","","","128","","2","","","","","","","","","","","6","","","43","","1","18","98","17","","4","17","1835201685","621323846454","4494","4456","","16","1286","2742","32","","151","2689","2704","13","","100","2640","913","909","718","718","96","96","1007","6026","221712","222","","","222","1424","2207","","210","573","2643708","184","4303","18","","","","18","100","3","","5651","5","5","4358","8510120","45097746021","2565","2544","","","","","","","","","","","62826","","81251","1","209","49","133","38","12","2","59","4","2","343","5","23","","52","","17","","43","","42","11","12","134","0","554","0","1","0","1","1","49","1","504","0","","","0","0","","","257","0","1016","86","138","115","202975","","","","37579","16500","230","78736","198787","105545","135380859","129501572","462217525","306546361","585856","3315211","22","100","","","","","","38","35","103116"
"Sat Oct 01 00:00:00 UTC 2016","Mon Oct 31 23:59:59 UTC 2016","","14","","","","","","","","","","","","","","","","","","","","","","","","","","","","","","","","","","","","","1","","","","","","","","","","22","","","","","2","","","","","","","","","","","","","","","","","","","","","","","","","","","","","","","","","","","","","","","","","","1","2","","","","","","","","1","","1","","","","","","","","","","","","10","","2","","","","","","","","","","","1","","","","","","","3","6","","","1","51750827","32710932329","296","296","","1","1292","86","","","","168","168","","","","168","","","","","","","","357","5515","28","","","28","59","85","","10","16","117371","","299","","","","","","","","","326","","","297","9554","45313415928","164","164","","","","","","","","","","","0","","2203","","1","","2","","","","3","","","13","1","","","4","","","","3","","","","","","","","","","","","","","","","","","","","","","","","","","","4","4","9744","","","","3360","775","15","4757","4232","5086","7484374","8980100","33549150","14450541","29838","201495","0","0","","","","","","","","3358"
