charts-created,charts-created-total,charts-deleted,charts-deleted-total,code,comments-created,comments-created-total,dataset_page_url,downloads,downloads-total,embeds,embeds-total,error,fetched_url,filters-created,filters-created-total,filters-deleted,filters-deleted-total,govstat-metrics-using,govstat-metrics-using-total,govstat-total-computes,govstat-total-computes-total,id,maps-created,maps-created-total,maps-deleted,maps-deleted-total,message,visits,visits-total
,,,,,,3,https://data.austintexas.gov/d/b4y9-5x39,2026,7465,3597,8993,,https://data.austintexas.gov/api/views/b4y9-5x39/metrics.json?start=1451606400000&end=1475539199999,8,22,6452,14921,,,,,b4y9-5x39,,1,414,708,,9758,31409
,14,372,1391,,,2,https://data.austintexas.gov/d/ecmv-9xxi,796,6125,914,2023,,https://data.austintexas.gov/api/views/ecmv-9xxi/metrics.json?start=1451606400000&end=1475539199999,8,50,782,3229,,,,,ecmv-9xxi,2,21,420,1749,,5916,23965
,,,,,1,1,https://data.austintexas.gov/d/h3i4-5e5v,1067,6318,1021,1802,,https://data.austintexas.gov/api/views/h3i4-5e5v/metrics.json?start=1451606400000&end=1475539199999,3,9,,21,,,,,h3i4-5e5v,,,,,,4405,15880
1,16,,119,,5,29,https://data.austintexas.gov/d/5tye-7ray,887,1782,139,348,,https://data.austintexas.gov/api/views/5tye-7ray/metrics.json?start=1451606400000&end=1475539199999,21,97,1,539,,,,,5tye-7ray,5,13,1,78,,2005,9817
,,,,,,,https://data.austintexas.gov/d/u3yy-shmz,611,1248,4501,11698,,https://data.austintexas.gov/api/views/u3yy-shmz/metrics.json?start=1451606400000&end=1475539199999,,8,9,44,,,,,u3yy-shmz,,,,,,5317,13809
,1,,,,,,https://data.austintexas.gov/d/959k-a8yh,228,361,9,112,,https://data.austintexas.gov/api/views/959k-a8yh/metrics.json?start=1451606400000&end=1475539199999,,,,,,,,,959k-a8yh,,,,,,486,1585
,2,14,171,,,1,https://data.austintexas.gov/d/i26j-ai4z,1901,4512,38,100,,https://data.austintexas.gov/api/views/i26j-ai4z/metrics.json?start=1451606400000&end=1475539199999,10,37,133,2638,,,,,i26j-ai4z,21,43,182,2804,,1438,8017
,,,,,,1,https://data.austintexas.gov/d/8jyt-x94k,104,1704,10,316,,https://data.austintexas.gov/api/views/8jyt-x94k/metrics.json?start=1451606400000&end=1475539199999,,13,,42,,,,,8jyt-x94k,,,,,,418,7690
1,3,,,,,,https://data.austintexas.gov/d/8c6z-qnmj,260,840,9,52,,https://data.austintexas.gov/api/views/8c6z-qnmj/metrics.json?start=1451606400000&end=1475539199999,,13,,130,,,,,8c6z-qnmj,,,,,,968,5857
,4,1000,3802,,,,https://data.austintexas.gov/d/e8fp-i3ts,355,724,1591,4866,,https://data.austintexas.gov/api/views/e8fp-i3ts/metrics.json?start=1451606400000&end=1475539199999,1,3,540,1630,,,,,e8fp-i3ts,,,,,,2330,6830
,,,,,,,https://data.austintexas.gov/d/3ebq-e9iz,453,1388,55,119,,https://data.austintexas.gov/api/views/3ebq-e9iz/metrics.json?start=1451606400000&end=1475539199999,1,6,,3,,,,,3ebq-e9iz,,,,,,1582,5941
,,,,,,,https://data.austintexas.gov/d/x442-h34c,226,712,17,89,,https://data.austintexas.gov/api/views/x442-h34c/metrics.json?start=1451606400000&end=1475539199999,2,3,18,20,,,,,x442-h34c,,,,,,659,5280
,,,,,,,https://data.austintexas.gov/d/tv4x-8thz,146,202,1345,4541,,https://data.austintexas.gov/api/views/tv4x-8thz/metrics.json?start=1451606400000&end=1475539199999,,,,,,,,,tv4x-8thz,,,,,,1510,4952
,,,,,,,https://data.austintexas.gov/d/7neq-k7nf,135,175,1353,4521,,https://data.austintexas.gov/api/views/7neq-k7nf/metrics.json?start=1451606400000&end=1475539199999,,,,,,,,,7neq-k7nf,,,,,,1482,4776
,,,,,,1,https://data.austintexas.gov/d/hek3-kuva,165,294,29,3006,,https://data.austintexas.gov/api/views/hek3-kuva/metrics.json?start=1451606400000&end=1475539199999,,,,,,,,,hek3-kuva,,,,,,237,3877
,,,,,,,https://data.austintexas.gov/d/wrwk-skv6,219,641,40,105,,https://data.austintexas.gov/api/views/wrwk-skv6/metrics.json?start=1451606400000&end=1475539199999,,6,,1,,,,,wrwk-skv6,,,,,,678,3981
,,,,,1,1,https://data.austintexas.gov/d/4hh5-fx4w,142,142,2913,2917,,https://data.austintexas.gov/api/views/4hh5-fx4w/metrics.json?start=1451606400000&end=1475539199999,,,,,,,,,4hh5-fx4w,,,,,,3151,3155
,,,,,,,https://data.austintexas.gov/d/87qq-mkwq,181,183,1380,1501,,https://data.austintexas.gov/api/views/87qq-mkwq/metrics.json?start=1451606400000&end=1475539199999,,,,,,,,,87qq-mkwq,,,,,,1762,1911
1,2,452,2934,,,3,https://data.austintexas.gov/d/4c6h-tv2y,319,1939,,13,,https://data.austintexas.gov/api/views/4c6h-tv2y/metrics.json?start=1451606400000&end=1475539199999,,8,2712,8290,,,,,4c6h-tv2y,,3,1808,10752,,403,2636
,,,,,,1,https://data.austintexas.gov/d/kz4x-q9k5,349,1009,9,17,,https://data.austintexas.gov/api/views/kz4x-q9k5/metrics.json?start=1451606400000&end=1475539199999,,6,,6,,,,,kz4x-q9k5,17,41,2,32,,550,2652
,,,,,,,https://data.austintexas.gov/d/qwjz-np8k,139,176,1360,3163,,https://data.austintexas.gov/api/views/qwjz-np8k/metrics.json?start=1451606400000&end=1475539199999,,,,,,,,,qwjz-np8k,,,,,,1448,3336
,,,,,,,https://data.austintexas.gov/d/kumu-nbtd,338,520,690,1739,,https://data.austintexas.gov/api/views/kumu-nbtd/metrics.json?start=1451606400000&end=1475539199999,,1,40,193,,,,,kumu-nbtd,,,,,,1697,3415
,,,,,,,https://data.austintexas.gov/d/bqav-9x6a,283,963,75,82,,https://data.austintexas.gov/api/views/bqav-9x6a/metrics.json?start=1451606400000&end=1475539199999,1,1,15,15,,,,,bqav-9x6a,,2,88,546,,553,2735
,1,,48,,,1,https://data.austintexas.gov/d/84ih-p28j,246,690,18,44,,https://data.austintexas.gov/api/views/84ih-p28j/metrics.json?start=1451606400000&end=1475539199999,,1,,1,,,,,84ih-p28j,,,,,,669,2773
,,,,,,,https://data.austintexas.gov/d/qe89-agqj,264,392,1473,2760,,https://data.austintexas.gov/api/views/qe89-agqj/metrics.json?start=1451606400000&end=1475539199999,,8,,14,,,,,qe89-agqj,,,,,,1817,3371
,,,,,,,https://data.austintexas.gov/d/5tx2-pk4n,175,329,4,26,,https://data.austintexas.gov/api/views/5tx2-pk4n/metrics.json?start=1451606400000&end=1475539199999,,1,,,,,,,5tx2-pk4n,,,,,,549,2546
,,,,,,,https://data.austintexas.gov/d/ec78-i9z5,185,294,174,750,,https://data.austintexas.gov/api/views/ec78-i9z5/metrics.json?start=1451606400000&end=1475539199999,,,,,,,,,ec78-i9z5,,,,,,346,1186
,,,,,,,https://data.austintexas.gov/d/pxe3-na7s,189,329,16,46,,https://data.austintexas.gov/api/views/pxe3-na7s/metrics.json?start=1451606400000&end=1475539199999,,2,8,31,,,,,pxe3-na7s,,,,,,598,2304
1,1,,,,,,https://data.austintexas.gov/d/g5k8-8sud,251,435,24,43,,https://data.austintexas.gov/api/views/g5k8-8sud/metrics.json?start=1451606400000&end=1475539199999,1,4,,3,,,,,g5k8-8sud,,,,,,880,2131
,,,,,1,2,https://data.austintexas.gov/d/hjeh-idye,258,692,74,134,,https://data.austintexas.gov/api/views/hjeh-idye/metrics.json?start=1451606400000&end=1475539199999,1,2,,,,,,,hjeh-idye,,,,,,1090,2028
,,,,,,,https://data.austintexas.gov/d/gr59-ids7,462,1564,10,61,,https://data.austintexas.gov/api/views/gr59-ids7/metrics.json?start=1451606400000&end=1475539199999,,6,1365,3447,,,,,gr59-ids7,,,,,,339,1755
,,,,,,,https://data.austintexas.gov/d/64cq-wf5u,175,410,4,158,,https://data.austintexas.gov/api/views/64cq-wf5u/metrics.json?start=1451606400000&end=1475539199999,,,,,,,,,64cq-wf5u,1,7,,,,190,1557
138,138,341,341,,,,https://data.austintexas.gov/d/dgbw-ce4x,107,108,94,94,,https://data.austintexas.gov/api/views/dgbw-ce4x/metrics.json?start=1451606400000&end=1475539199999,3,3,1,1,,,,,dgbw-ce4x,,,,,,350,351
,,,,,,,https://data.austintexas.gov/d/fb53-k8de,364,1148,57,96,,https://data.austintexas.gov/api/views/fb53-k8de/metrics.json?start=1451606400000&end=1475539199999,,1,,,,,,,fb53-k8de,,1,,,,873,1657
,2,,8,,,,https://data.austintexas.gov/d/paa2-kvza,138,284,,815,,https://data.austintexas.gov/api/views/paa2-kvza/metrics.json?start=1451606400000&end=1475539199999,,8,,15,,,,,paa2-kvza,,,,,,210,1436
,,,,,,,https://data.austintexas.gov/d/ykw4-j3aj,267,423,4,20,,https://data.austintexas.gov/api/views/ykw4-j3aj/metrics.json?start=1451606400000&end=1475539199999,,1,1,2,,,,,ykw4-j3aj,,15,9,59,,444,1213
,1,,,,,,https://data.austintexas.gov/d/atrx-cf82,164,190,,0,,https://data.austintexas.gov/api/views/atrx-cf82/metrics.json?start=1451606400000&end=1475539199999,,,,,,,,,atrx-cf82,,,,,,89,1122
,,,,,,,https://data.austintexas.gov/d/fc48-h8gp,188,223,378,959,,https://data.austintexas.gov/api/views/fc48-h8gp/metrics.json?start=1451606400000&end=1475539199999,,,,,,,,,fc48-h8gp,,,,,,501,1260
,,,,,,,https://data.austintexas.gov/d/yqxj-7evp,225,363,3,6,,https://data.austintexas.gov/api/views/yqxj-7evp/metrics.json?start=1451606400000&end=1475539199999,,,,,,,,,yqxj-7evp,,1,,,,277,855
,,,,,,,https://data.austintexas.gov/d/p6pb-jvsm,177,265,2,42,,https://data.austintexas.gov/api/views/p6pb-jvsm/metrics.json?start=1451606400000&end=1475539199999,,,,,,,,,p6pb-jvsm,,,,,,345,1141
,5,,11,,,,https://data.austintexas.gov/d/32y8-3gbr,294,334,21,23,,https://data.austintexas.gov/api/views/32y8-3gbr/metrics.json?start=1451606400000&end=1475539199999,,2,,1,,,,,32y8-3gbr,2,5,,6,,1230,1541
1,2,4,32,,,,https://data.austintexas.gov/d/3syk-w9eu,387,394,24,25,,https://data.austintexas.gov/api/views/3syk-w9eu/metrics.json?start=1451606400000&end=1475539199999,36,46,34,151,,,,,3syk-w9eu,5,5,11,11,,1079,1258
,,,,,,,https://data.austintexas.gov/d/uxwx-55kj,408,444,26,35,,https://data.austintexas.gov/api/views/uxwx-55kj/metrics.json?start=1451606400000&end=1475539199999,,,,,,,,,uxwx-55kj,,,,,,899,1206
,,,,,,,https://data.austintexas.gov/d/rfif-mmvg,156,257,,3,,https://data.austintexas.gov/api/views/rfif-mmvg/metrics.json?start=1451606400000&end=1475539199999,,5,,15,,,,,rfif-mmvg,,,,,,192,905
1,1,2,2,,,,https://data.austintexas.gov/d/nttt-2a35,192,304,,1,,https://data.austintexas.gov/api/views/nttt-2a35/metrics.json?start=1451606400000&end=1475539199999,,,,,,,,,nttt-2a35,,,,,,383,1016
,,,,,,,https://data.austintexas.gov/d/vsbg-t3e9,221,266,,0,,https://data.austintexas.gov/api/views/vsbg-t3e9/metrics.json?start=1451606400000&end=1475539199999,2,4,,,,,,,vsbg-t3e9,,,,,,524,650
,,,,,,,https://data.austintexas.gov/d/3237-g9rs,150,216,2,14,,https://data.austintexas.gov/api/views/3237-g9rs/metrics.json?start=1451606400000&end=1475539199999,,,,,,,,,3237-g9rs,,,,,,246,886
,,,,,,,https://data.austintexas.gov/d/7ti8-tuax,141,181,385,814,,https://data.austintexas.gov/api/views/7ti8-tuax/metrics.json?start=1451606400000&end=1475539199999,,,,,,,,,7ti8-tuax,,,,,,518,1020
,,,,,,,https://data.austintexas.gov/d/6wtj-zbtb,313,371,30,31,,https://data.austintexas.gov/api/views/6wtj-zbtb/metrics.json?start=1451606400000&end=1475539199999,30,30,1134,1164,,,,,6wtj-zbtb,,,,,,1512,1901
,,,,,,,https://data.austintexas.gov/d/r6sg-xka2,334,1430,8,8,,https://data.austintexas.gov/api/views/r6sg-xka2/metrics.json?start=1451606400000&end=1475539199999,,2,454,1148,,,,,r6sg-xka2,,,454,2914,,382,930
,,,,,,,https://data.austintexas.gov/d/6v78-dj3u,193,300,,2,,https://data.austintexas.gov/api/views/6v78-dj3u/metrics.json?start=1451606400000&end=1475539199999,1,2,,1,,,,,6v78-dj3u,,44,,242,,201,405
27,30,536,536,,,,https://data.austintexas.gov/d/c7z7-zp6h,218,229,1,2,,https://data.austintexas.gov/api/views/c7z7-zp6h/metrics.json?start=1451606400000&end=1475539199999,18,19,269,269,,,,2,c7z7-zp6h,,,,,,380,455
,,,,,,,https://data.austintexas.gov/d/rka3-mjzi,189,287,4,5,,https://data.austintexas.gov/api/views/rka3-mjzi/metrics.json?start=1451606400000&end=1475539199999,,1,,,,,,,rka3-mjzi,,1,,,,512,878
,,,,,,,https://data.austintexas.gov/d/5pnt-e38e,120,120,1,1,,https://data.austintexas.gov/api/views/5pnt-e38e/metrics.json?start=1451606400000&end=1475539199999,,,,,,,,,5pnt-e38e,,,,,,104,117
,,,,,,,https://data.austintexas.gov/d/jukz-za6j,105,105,,0,,https://data.austintexas.gov/api/views/jukz-za6j/metrics.json?start=1451606400000&end=1475539199999,,,,,,,,,jukz-za6j,,,,,,51,51
,1,,,,,,https://data.austintexas.gov/d/xbbp-8bw7,156,199,,0,,https://data.austintexas.gov/api/views/xbbp-8bw7/metrics.json?start=1451606400000&end=1475539199999,,,,,,,,,xbbp-8bw7,,,,,,111,646
1,1,1,1,,,,https://data.austintexas.gov/d/a6pm-qynf,153,217,1,7,,https://data.austintexas.gov/api/views/a6pm-qynf/metrics.json?start=1451606400000&end=1475539199999,,,,,,,,,a6pm-qynf,,,,,,177,728
10,31,214,308,,,,https://data.austintexas.gov/d/kyp9-ynfw,183,238,,0,,https://data.austintexas.gov/api/views/kyp9-ynfw/metrics.json?start=1451606400000&end=1475539199999,5,12,,,,,,3,kyp9-ynfw,,,,,,345,577
19,32,6,18,,,,https://data.austintexas.gov/d/gjtj-jt2d,187,241,8,8,,https://data.austintexas.gov/api/views/gjtj-jt2d/metrics.json?start=1451606400000&end=1475539199999,1,1,,,11,11,2253,2357,gjtj-jt2d,,,,,,357,682
,,,,,,,https://data.austintexas.gov/d/3ghn-wv5a,186,257,4,17,,https://data.austintexas.gov/api/views/3ghn-wv5a/metrics.json?start=1451606400000&end=1475539199999,,,,,,,,,3ghn-wv5a,,,,,,231,713
,,,,,,,https://data.austintexas.gov/d/xp28-5kft,155,168,334,453,,https://data.austintexas.gov/api/views/xp28-5kft/metrics.json?start=1451606400000&end=1475539199999,,,,,,,,,xp28-5kft,,,,,,646,837
,,,,,,,https://data.austintexas.gov/d/askx-pbnh,177,267,2,7,,https://data.austintexas.gov/api/views/askx-pbnh/metrics.json?start=1451606400000&end=1475539199999,,,,,,,,,askx-pbnh,,1,,,,259,691
,,,,,,,https://data.austintexas.gov/d/uqe6-trgb,168,669,,0,,https://data.austintexas.gov/api/views/uqe6-trgb/metrics.json?start=1451606400000&end=1475539199999,,6,48,60,,,,,uqe6-trgb,,,,,,188,610
,,,,,,,https://data.austintexas.gov/d/azsy-zee6,191,269,3,9,,https://data.austintexas.gov/api/views/azsy-zee6/metrics.json?start=1451606400000&end=1475539199999,1,1,,,,,,,azsy-zee6,,,,,,587,965
,,,,,,,https://data.austintexas.gov/d/jam6-aawd,189,255,10,15,,https://data.austintexas.gov/api/views/jam6-aawd/metrics.json?start=1451606400000&end=1475539199999,,2,,,,,,,jam6-aawd,,,,,,706,1065
,,,,,,,https://data.austintexas.gov/d/ergh-7g8p,230,335,,3,,https://data.austintexas.gov/api/views/ergh-7g8p/metrics.json?start=1451606400000&end=1475539199999,,2,,,,,,,ergh-7g8p,,,,,,245,637
,4,24,32,,,,https://data.austintexas.gov/d/jbxk-jjnn,174,227,,0,,https://data.austintexas.gov/api/views/jbxk-jjnn/metrics.json?start=1451606400000&end=1475539199999,2,6,34,48,,,,,jbxk-jjnn,,,,,,691,1005
,2,,,,,,https://data.austintexas.gov/d/hcnj-rei3,308,329,1,1,,https://data.austintexas.gov/api/views/hcnj-rei3/metrics.json?start=1451606400000&end=1475539199999,,,,,,,,,hcnj-rei3,,,,,,658,797
,2,11052,11736,,,,https://data.austintexas.gov/d/wter-evkm,478,525,10,10,,https://data.austintexas.gov/api/views/wter-evkm/metrics.json?start=1451606400000&end=1475539199999,1,6,4029,4062,,,,,wter-evkm,,,,,,2306,2444
,,,,,,,https://data.austintexas.gov/d/xf72-sbj4,176,190,344,467,,https://data.austintexas.gov/api/views/xf72-sbj4/metrics.json?start=1451606400000&end=1475539199999,,,,,,,,,xf72-sbj4,,,,,,638,794
1,2,6,6,,,,https://data.austintexas.gov/d/wr7f-jdtu,167,222,2,6,,https://data.austintexas.gov/api/views/wr7f-jdtu/metrics.json?start=1451606400000&end=1475539199999,,,,,,,,,wr7f-jdtu,,,,,,237,595
,1,,,,,,https://data.austintexas.gov/d/d7k5-jyb8,163,241,1,1,,https://data.austintexas.gov/api/views/d7k5-jyb8/metrics.json?start=1451606400000&end=1475539199999,,4,,4,,,,,d7k5-jyb8,,,,,,242,596
,,,,,,,https://data.austintexas.gov/d/gt3n-akq9,152,219,,3,,https://data.austintexas.gov/api/views/gt3n-akq9/metrics.json?start=1451606400000&end=1475539199999,,,,,,,,,gt3n-akq9,,,,,,271,631
,,,,,,,https://data.austintexas.gov/d/6s5y-evgf,201,248,12,22,,https://data.austintexas.gov/api/views/6s5y-evgf/metrics.json?start=1451606400000&end=1475539199999,,,,,,,,,6s5y-evgf,,,,,,437,706
,,,,,,,https://data.austintexas.gov/d/zzix-yxi4,157,214,,2,,https://data.austintexas.gov/api/views/zzix-yxi4/metrics.json?start=1451606400000&end=1475539199999,,,,,,,,,zzix-yxi4,,,,,,315,597
,,,,,,,https://data.austintexas.gov/d/xj3h-ppw2,146,210,,5,,https://data.austintexas.gov/api/views/xj3h-ppw2/metrics.json?start=1451606400000&end=1475539199999,,,,,,,,,xj3h-ppw2,,,,,,122,517
,,,,,,,https://data.austintexas.gov/d/me4f-48mc,205,304,,0,,https://data.austintexas.gov/api/views/me4f-48mc/metrics.json?start=1451606400000&end=1475539199999,,,,,,,,,me4f-48mc,,5,,4,,381,683
,,,,,,,https://data.austintexas.gov/d/42ix-g4e3,159,224,1,1,,https://data.austintexas.gov/api/views/42ix-g4e3/metrics.json?start=1451606400000&end=1475539199999,,2,86,274,,,,,42ix-g4e3,,,,,,184,520
,,,,,,,https://data.austintexas.gov/d/qzi7-nx8g,151,222,8,17,,https://data.austintexas.gov/api/views/qzi7-nx8g/metrics.json?start=1451606400000&end=1475539199999,,,,,,,,,qzi7-nx8g,,2,,4,,193,505
,,,,,,,https://data.austintexas.gov/d/7j64-2qf8,192,241,,15,,https://data.austintexas.gov/api/views/7j64-2qf8/metrics.json?start=1451606400000&end=1475539199999,,,,,,,,,7j64-2qf8,,,,,,134,496
,,,,,,,https://data.austintexas.gov/d/ei2n-fehk,289,996,,0,,https://data.austintexas.gov/api/views/ei2n-fehk/metrics.json?start=1451606400000&end=1475539199999,,,,,,,,,ei2n-fehk,,,,,,251,603
,,,,,,,https://data.austintexas.gov/d/4us7-37cx,143,193,,2,,https://data.austintexas.gov/api/views/4us7-37cx/metrics.json?start=1451606400000&end=1475539199999,,,,,,,,,4us7-37cx,,,,,,373,636
,4,22159,23105,,,,https://data.austintexas.gov/d/jpst-ix7f,472,477,7,8,,https://data.austintexas.gov/api/views/jpst-ix7f/metrics.json?start=1451606400000&end=1475539199999,1,4,5539,6199,,,,,jpst-ix7f,,,,,,1005,1086
,,,,,,,https://data.austintexas.gov/d/afwp-v695,243,289,,0,,https://data.austintexas.gov/api/views/afwp-v695/metrics.json?start=1451606400000&end=1475539199999,,,,,,,,,afwp-v695,,,,,,2870,3052
,,,,,,,https://data.austintexas.gov/d/4gv8-96x2,162,263,,1,,https://data.austintexas.gov/api/views/4gv8-96x2/metrics.json?start=1451606400000&end=1475539199999,,,,,,,,,4gv8-96x2,,,,,,184,521
,,,,,,,https://data.austintexas.gov/d/cqdh-farx,556,595,9,9,,https://data.austintexas.gov/api/views/cqdh-farx/metrics.json?start=1451606400000&end=1475539199999,5,5,,,,,,,cqdh-farx,1,1,,,,678,809
,,,,,,,https://data.austintexas.gov/d/cr83-wy4q,195,212,2,2,,https://data.austintexas.gov/api/views/cr83-wy4q/metrics.json?start=1451606400000&end=1475539199999,,,,,,,,,cr83-wy4q,,,,,,150,216
,,,,,,,https://data.austintexas.gov/d/92xm-uf99,217,324,,0,,https://data.austintexas.gov/api/views/92xm-uf99/metrics.json?start=1451606400000&end=1475539199999,,,,,,,,,92xm-uf99,,1,,4,,129,435
,,,,,,,https://data.austintexas.gov/d/md9p-6y8z,176,268,,0,,https://data.austintexas.gov/api/views/md9p-6y8z/metrics.json?start=1451606400000&end=1475539199999,,,,,,,,,md9p-6y8z,,,,,,620,905
,1,1,1,,,,https://data.austintexas.gov/d/kidc-knry,155,209,2,7,,https://data.austintexas.gov/api/views/kidc-knry/metrics.json?start=1451606400000&end=1475539199999,,,,,,,,,kidc-knry,,,,,,212,507
,,,,,,,https://data.austintexas.gov/d/sswp-u5uh,185,258,2,85,,https://data.austintexas.gov/api/views/sswp-u5uh/metrics.json?start=1451606400000&end=1475539199999,,,,,,,,,sswp-u5uh,,,,,,82,405
,,,,,,,https://data.austintexas.gov/d/dbc6-hkkk,180,181,1244,1248,,https://data.austintexas.gov/api/views/dbc6-hkkk/metrics.json?start=1451606400000&end=1475539199999,1,1,,,,,,,dbc6-hkkk,,,,,,1541,1545
,,,,,,,https://data.austintexas.gov/d/853s-zeff,246,259,7,7,,https://data.austintexas.gov/api/views/853s-zeff/metrics.json?start=1451606400000&end=1475539199999,1,3,,2,,,,,853s-zeff,,,,,,644,702
1,2,17,29,,,,https://data.austintexas.gov/d/3e38-4hji,166,237,,0,,https://data.austintexas.gov/api/views/3e38-4hji/metrics.json?start=1451606400000&end=1475539199999,,,,,,,,,3e38-4hji,,,,,,138,390
,,,,,,,https://data.austintexas.gov/d/u8uw-t2sm,174,263,,0,,https://data.austintexas.gov/api/views/u8uw-t2sm/metrics.json?start=1451606400000&end=1475539199999,,,,,,,,,u8uw-t2sm,,,,,,502,759
,,,,,,,https://data.austintexas.gov/d/askc-vuqf,178,178,281,359,,https://data.austintexas.gov/api/views/askc-vuqf/metrics.json?start=1451606400000&end=1475539199999,,,,,,,,,askc-vuqf,,,,,,370,470
,,,,,,,https://data.austintexas.gov/d/jmp6-p8e2,161,244,,1,,https://data.austintexas.gov/api/views/jmp6-p8e2/metrics.json?start=1451606400000&end=1475539199999,,,,,,,,,jmp6-p8e2,,1,,,,115,363
,1,,,,,,https://data.austintexas.gov/d/cusd-m48y,152,216,1,3,,https://data.austintexas.gov/api/views/cusd-m48y/metrics.json?start=1451606400000&end=1475539199999,,,,,,,,,cusd-m48y,,,,,,148,370
,,,,,,,https://data.austintexas.gov/d/bcku-z9d8,156,216,,0,,https://data.austintexas.gov/api/views/bcku-z9d8/metrics.json?start=1451606400000&end=1475539199999,,,,,,,,,bcku-z9d8,,,,,,175,391
,,,,,,,https://data.austintexas.gov/d/c69b-fkfx,165,252,,0,,https://data.austintexas.gov/api/views/c69b-fkfx/metrics.json?start=1451606400000&end=1475539199999,,,,,,,,,c69b-fkfx,,,,,,313,555
,2,80,277,,,,https://data.austintexas.gov/d/vxq2-zjmn,154,165,,0,,https://data.austintexas.gov/api/views/vxq2-zjmn/metrics.json?start=1451606400000&end=1475539199999,,8,,3,,,,,vxq2-zjmn,,,,,,135,317
1,1,,,,,,https://data.austintexas.gov/d/63p6-iegi,160,161,28,29,,https://data.austintexas.gov/api/views/63p6-iegi/metrics.json?start=1451606400000&end=1475539199999,1,1,,,,,,,63p6-iegi,,,,,,352,393
,,,,,,,https://data.austintexas.gov/d/es7e-878h,188,188,13,13,,https://data.austintexas.gov/api/views/es7e-878h/metrics.json?start=1451606400000&end=1475539199999,1,1,1,1,,,,,es7e-878h,,,,,,775,775
,,,,,,,https://data.austintexas.gov/d/c9gq-k8de,153,172,2,2,,https://data.austintexas.gov/api/views/c9gq-k8de/metrics.json?start=1451606400000&end=1475539199999,,1,,,,,,,c9gq-k8de,,,,,,707,821
,,,,,,,https://data.austintexas.gov/d/mbnu-4wq9,311,322,,0,,https://data.austintexas.gov/api/views/mbnu-4wq9/metrics.json?start=1451606400000&end=1475539199999,1,7,169,176,,,,,mbnu-4wq9,,,,,,399,490
4,13,,5,,,,https://data.austintexas.gov/d/bptg-ndvw,178,226,2,2,,https://data.austintexas.gov/api/views/bptg-ndvw/metrics.json?start=1451606400000&end=1475539199999,,,,,4,4,813,838,bptg-ndvw,,,,,,154,287
,,,,,,,https://data.austintexas.gov/d/xaxa-886r,175,194,4,4,,https://data.austintexas.gov/api/views/xaxa-886r/metrics.json?start=1451606400000&end=1475539199999,,,,,,,,,xaxa-886r,,3,182,220,,347,482
,,,,,,,https://data.austintexas.gov/d/y4h7-ti7f,139,139,1,1,,https://data.austintexas.gov/api/views/y4h7-ti7f/metrics.json?start=1451606400000&end=1475539199999,,,,,,,,,y4h7-ti7f,2,2,1,1,,496,496
,9,,4,,,,https://data.austintexas.gov/d/qmwp-kjjs,168,204,,0,,https://data.austintexas.gov/api/views/qmwp-kjjs/metrics.json?start=1451606400000&end=1475539199999,,,,,,,,,qmwp-kjjs,,,,,,53,137
,,,,,,,https://data.austintexas.gov/d/nha4-9fvx,168,168,7,7,,https://data.austintexas.gov/api/views/nha4-9fvx/metrics.json?start=1451606400000&end=1475539199999,1,1,1,1,,,,,nha4-9fvx,5,5,91,91,,345,345
,,,,,,,https://data.austintexas.gov/d/yrpa-wmth,172,235,,0,,https://data.austintexas.gov/api/views/yrpa-wmth/metrics.json?start=1451606400000&end=1475539199999,,,,,,,,,yrpa-wmth,,,,,,158,364
,,,,,,,https://data.austintexas.gov/d/nw8s-p3bj,181,188,184,236,,https://data.austintexas.gov/api/views/nw8s-p3bj/metrics.json?start=1451606400000&end=1475539199999,,,,,,,,,nw8s-p3bj,,,,,,317,402
,,,,,,,https://data.austintexas.gov/d/9t4d-g238,311,312,,0,,https://data.austintexas.gov/api/views/9t4d-g238/metrics.json?start=1451606400000&end=1475539199999,,,,,,,,,9t4d-g238,,,,,,2992,3002
,,,,,,,https://data.austintexas.gov/d/7dis-buys,153,218,,0,,https://data.austintexas.gov/api/views/7dis-buys/metrics.json?start=1451606400000&end=1475539199999,,,,,,,,,7dis-buys,,,,,,203,393
5,5,21,21,,,,https://data.austintexas.gov/d/g4yx-aw9r,261,261,30,30,,https://data.austintexas.gov/api/views/g4yx-aw9r/metrics.json?start=1451606400000&end=1475539199999,3,3,6,6,,,,,g4yx-aw9r,,,,,,714,737
,,,,,,,https://data.austintexas.gov/d/gzqu-rstf,210,256,,0,,https://data.austintexas.gov/api/views/gzqu-rstf/metrics.json?start=1451606400000&end=1475539199999,,,,,,,,,gzqu-rstf,,7,,6,,108,282
,,,,,,,https://data.austintexas.gov/d/v63w-n57w,116,116,193,193,,https://data.austintexas.gov/api/views/v63w-n57w/metrics.json?start=1451606400000&end=1475539199999,1,1,8,8,,,,,v63w-n57w,,,,,,254,254
,,,,,,,https://data.austintexas.gov/d/dtkn-v97q,154,199,,0,,https://data.austintexas.gov/api/views/dtkn-v97q/metrics.json?start=1451606400000&end=1475539199999,,,,,,,,,dtkn-v97q,,3,,1,,85,254
,,,,,,,https://data.austintexas.gov/d/utnt-hag5,166,229,,0,,https://data.austintexas.gov/api/views/utnt-hag5/metrics.json?start=1451606400000&end=1475539199999,,,,,,,,,utnt-hag5,,,,,,187,359
,,,,,,,https://data.austintexas.gov/d/2cgz-29c8,147,160,,0,,https://data.austintexas.gov/api/views/2cgz-29c8/metrics.json?start=1451606400000&end=1475539199999,,,,,,,,,2cgz-29c8,2,3,3,3,,424,445
,,,,,,,https://data.austintexas.gov/d/wzdb-642v,160,170,,0,,https://data.austintexas.gov/api/views/wzdb-642v/metrics.json?start=1451606400000&end=1475539199999,,,,,,,,,wzdb-642v,,,,,,311,348
,,,,,,,https://data.austintexas.gov/d/a2da-hhhc,212,227,,0,,https://data.austintexas.gov/api/views/a2da-hhhc/metrics.json?start=1451606400000&end=1475539199999,,,,,,,,,a2da-hhhc,,1,,,,806,875
,5,,3,,,,https://data.austintexas.gov/d/vk3r-6prc,166,186,,0,,https://data.austintexas.gov/api/views/vk3r-6prc/metrics.json?start=1451606400000&end=1475539199999,,1,,1,,,,,vk3r-6prc,,,,,,138,236
,,,,,,,https://data.austintexas.gov/d/b2pc-2s8n,179,180,19,19,,https://data.austintexas.gov/api/views/b2pc-2s8n/metrics.json?start=1451606400000&end=1475539199999,,,,,,,,,b2pc-2s8n,,,,,,470,478
,,,,,,1,https://data.austintexas.gov/d/sxk7-7k6z,207,223,1,1,,https://data.austintexas.gov/api/views/sxk7-7k6z/metrics.json?start=1451606400000&end=1475539199999,,,,,,,,,sxk7-7k6z,,,,,,761,830
,,,,,,,https://data.austintexas.gov/d/67kt-ykxh,239,255,,0,,https://data.austintexas.gov/api/views/67kt-ykxh/metrics.json?start=1451606400000&end=1475539199999,,,,,,,,,67kt-ykxh,,,,,,212,271
,,,,,,,https://data.austintexas.gov/d/tc36-hn4j,200,231,8,8,,https://data.austintexas.gov/api/views/tc36-hn4j/metrics.json?start=1451606400000&end=1475539199999,,,,,,,,,tc36-hn4j,,7,18,19,,143,214
,,,,,,,https://data.austintexas.gov/d/54hu-zyfw,154,204,,0,,https://data.austintexas.gov/api/views/54hu-zyfw/metrics.json?start=1451606400000&end=1475539199999,,,,,,,,,54hu-zyfw,,,,,,74,223
,,,,,,,https://data.austintexas.gov/d/55ji-8nqx,224,236,,0,,https://data.austintexas.gov/api/views/55ji-8nqx/metrics.json?start=1451606400000&end=1475539199999,,1,,2,,,,,55ji-8nqx,,,,,,265,314
,,,,,,,https://data.austintexas.gov/d/8ujy-upsv,238,246,18,19,,https://data.austintexas.gov/api/views/8ujy-upsv/metrics.json?start=1451606400000&end=1475539199999,,1,,,,,,,8ujy-upsv,,,,,,592,633
,,,,,,,https://data.austintexas.gov/d/8qty-vat2,140,147,2,3,,https://data.austintexas.gov/api/views/8qty-vat2/metrics.json?start=1451606400000&end=1475539199999,,,,,,,,,8qty-vat2,,,,,,150,241
1,1,1,1,,,,https://data.austintexas.gov/d/9xdm-yhmb,185,188,1,1,,https://data.austintexas.gov/api/views/9xdm-yhmb/metrics.json?start=1451606400000&end=1475539199999,1,1,4,4,,,,,9xdm-yhmb,,,,,,317,347
,2,,2,,,,https://data.austintexas.gov/d/h4as-bnn4,159,216,,0,,https://data.austintexas.gov/api/views/h4as-bnn4/metrics.json?start=1451606400000&end=1475539199999,,,,,,,,,h4as-bnn4,,,,,,64,191
,,,,,1,1,https://data.austintexas.gov/d/dvu8-ztdx,254,260,,0,,https://data.austintexas.gov/api/views/dvu8-ztdx/metrics.json?start=1451606400000&end=1475539199999,,,,,,,,,dvu8-ztdx,,,,,,397,457
,,,,,,,https://data.austintexas.gov/d/db24-fcaw,161,209,,0,,https://data.austintexas.gov/api/views/db24-fcaw/metrics.json?start=1451606400000&end=1475539199999,,,,,,,,,db24-fcaw,,,,,,158,244
10,15,30,38,,,,https://data.austintexas.gov/d/cibe-gpzy,178,219,,0,,https://data.austintexas.gov/api/views/cibe-gpzy/metrics.json?start=1451606400000&end=1475539199999,,,,,11,11,2049,2127,cibe-gpzy,,,,,,122,204
,,,,,,,https://data.austintexas.gov/d/x64f-gjq4,168,200,,0,,https://data.austintexas.gov/api/views/x64f-gjq4/metrics.json?start=1451606400000&end=1475539199999,,,,,,,,,x64f-gjq4,,2,,1,,137,231
,,,,,,,https://data.austintexas.gov/d/dcfk-vk6w,185,212,,0,,https://data.austintexas.gov/api/views/dcfk-vk6w/metrics.json?start=1451606400000&end=1475539199999,,,,,,,,,dcfk-vk6w,,,,,,299,383
,,,,,,,https://data.austintexas.gov/d/vwcu-h3qu,156,199,,1,,https://data.austintexas.gov/api/views/vwcu-h3qu/metrics.json?start=1451606400000&end=1475539199999,,,,,,,,,vwcu-h3qu,,,,,,128,251
,,,,,,,https://data.austintexas.gov/d/m9jn-qzir,146,206,1,2,,https://data.austintexas.gov/api/views/m9jn-qzir/metrics.json?start=1451606400000&end=1475539199999,,,,,,,,,m9jn-qzir,,,,,,95,213
,,,,,,,https://data.austintexas.gov/d/876d-75ye,139,164,,4,,https://data.austintexas.gov/api/views/876d-75ye/metrics.json?start=1451606400000&end=1475539199999,,3,39,77,,,,,876d-75ye,,,,,,70,157
,,,,,,,https://data.austintexas.gov/d/f4c7-5ivu,194,204,,0,,https://data.austintexas.gov/api/views/f4c7-5ivu/metrics.json?start=1451606400000&end=1475539199999,,,,,,,,,f4c7-5ivu,,,,,,247,303
,,,,,,,https://data.austintexas.gov/d/sc6h-qr9f,332,338,15,15,,https://data.austintexas.gov/api/views/sc6h-qr9f/metrics.json?start=1451606400000&end=1475539199999,,,,,,,,,sc6h-qr9f,,,,,,736,749
,,,,,,,https://data.austintexas.gov/d/vykk-upaj,176,176,13,13,,https://data.austintexas.gov/api/views/vykk-upaj/metrics.json?start=1451606400000&end=1475539199999,,,,,,,,,vykk-upaj,,,,,,526,529
,,,,,,,https://data.austintexas.gov/d/39mp-u93d,165,174,4,4,,https://data.austintexas.gov/api/views/39mp-u93d/metrics.json?start=1451606400000&end=1475539199999,2,2,,,,,,,39mp-u93d,,,,,,202,266
,,,,,,,https://data.austintexas.gov/d/gpeq-wpdt,140,140,18,18,,https://data.austintexas.gov/api/views/gpeq-wpdt/metrics.json?start=1451606400000&end=1475539199999,,,,,,,,,gpeq-wpdt,,,,,,241,241
,,,,,,,https://data.austintexas.gov/d/567b-4d24,188,241,,0,,https://data.austintexas.gov/api/views/567b-4d24/metrics.json?start=1451606400000&end=1475539199999,,,,,,,,,567b-4d24,,,,,,123,235
,,,,,,,https://data.austintexas.gov/d/ykzu-pxxq,161,209,,0,,https://data.austintexas.gov/api/views/ykzu-pxxq/metrics.json?start=1451606400000&end=1475539199999,,,,,,,,,ykzu-pxxq,,,,,,144,253
,1,,,,,,https://data.austintexas.gov/d/8pvq-5pcm,160,209,,0,,https://data.austintexas.gov/api/views/8pvq-5pcm/metrics.json?start=1451606400000&end=1475539199999,,,,,,,,,8pvq-5pcm,,,,,,51,151
,,,,,,,https://data.austintexas.gov/d/aqaz-cxjw,347,356,,76,,https://data.austintexas.gov/api/views/aqaz-cxjw/metrics.json?start=1451606400000&end=1475539199999,,,,,,,,,aqaz-cxjw,,,,,,67,172
,,,,,,,https://data.austintexas.gov/d/sbi4-ahzs,160,169,,0,,https://data.austintexas.gov/api/views/sbi4-ahzs/metrics.json?start=1451606400000&end=1475539199999,,2,,,,,,,sbi4-ahzs,,,,,,148,197
,,,,,,,https://data.austintexas.gov/d/86z9-i27i,254,260,,0,,https://data.austintexas.gov/api/views/86z9-i27i/metrics.json?start=1451606400000&end=1475539199999,,,,,,,,,86z9-i27i,1,3,358,470,,163,234
,,,,,,,https://data.austintexas.gov/d/yj9d-ajag,146,192,,2,,https://data.austintexas.gov/api/views/yj9d-ajag/metrics.json?start=1451606400000&end=1475539199999,,,,,,,,,yj9d-ajag,,,,,,136,227
,,,,,,,https://data.austintexas.gov/d/ux64-t7is,208,214,,0,,https://data.austintexas.gov/api/views/ux64-t7is/metrics.json?start=1451606400000&end=1475539199999,2,2,,,,,,,ux64-t7is,,,,,,597,626
,,,,,,,https://data.austintexas.gov/d/jtkc-5pgh,183,184,3,3,,https://data.austintexas.gov/api/views/jtkc-5pgh/metrics.json?start=1451606400000&end=1475539199999,,,,,,,,,jtkc-5pgh,,,,,,407,426
,1,,1,,,,https://data.austintexas.gov/d/sute-ma6h,165,220,,0,,https://data.austintexas.gov/api/views/sute-ma6h/metrics.json?start=1451606400000&end=1475539199999,,,,,,,,,sute-ma6h,,,,,,48,147
,,,,,,,https://data.austintexas.gov/d/tsum-aa7v,163,209,1,1,,https://data.austintexas.gov/api/views/tsum-aa7v/metrics.json?start=1451606400000&end=1475539199999,,,,,,,,,tsum-aa7v,,,,,,150,242
,,,,,,,https://data.austintexas.gov/d/p9ma-z6y9,185,198,,1,,https://data.austintexas.gov/api/views/p9ma-z6y9/metrics.json?start=1451606400000&end=1475539199999,,,,,,,,,p9ma-z6y9,,,,,,213,260
,,,,,,,https://data.austintexas.gov/d/9ii7-s3d7,135,135,,0,,https://data.austintexas.gov/api/views/9ii7-s3d7/metrics.json?start=1451606400000&end=1475539199999,,,,,,,,,9ii7-s3d7,,,,,,249,249
,,,,,,,https://data.austintexas.gov/d/gyp3-3bx3,151,156,,0,,https://data.austintexas.gov/api/views/gyp3-3bx3/metrics.json?start=1451606400000&end=1475539199999,2,2,,,,,,,gyp3-3bx3,,,,,,520,543
1,1,3,3,,,,https://data.austintexas.gov/d/k5hp-eece,270,283,2,2,,https://data.austintexas.gov/api/views/k5hp-eece/metrics.json?start=1451606400000&end=1475539199999,2,2,6,6,,,,,k5hp-eece,5,5,10,10,,304,350
,1,,,,,,https://data.austintexas.gov/d/2e3p-8zzy,163,174,,0,,https://data.austintexas.gov/api/views/2e3p-8zzy/metrics.json?start=1451606400000&end=1475539199999,,1,,,,,,,2e3p-8zzy,,,,,,146,201
,,,,,,,https://data.austintexas.gov/d/9fd5-w7gd,139,139,252,256,,https://data.austintexas.gov/api/views/9fd5-w7gd/metrics.json?start=1451606400000&end=1475539199999,,,,,,,,,9fd5-w7gd,,,,,,318,333
,,,,,,,https://data.austintexas.gov/d/24ny-rxn5,104,104,,0,,https://data.austintexas.gov/api/views/24ny-rxn5/metrics.json?start=1451606400000&end=1475539199999,8,8,4,4,,,,,24ny-rxn5,2,2,5,5,,51,51
,1,,1,,,,https://data.austintexas.gov/d/74y5-wjkf,149,202,,0,,https://data.austintexas.gov/api/views/74y5-wjkf/metrics.json?start=1451606400000&end=1475539199999,,,,,,,,,74y5-wjkf,,,,,,65,143
,5,4,10,,,,https://data.austintexas.gov/d/9e5g-zqyt,153,156,,0,,https://data.austintexas.gov/api/views/9e5g-zqyt/metrics.json?start=1451606400000&end=1475539199999,,3,,2,,,,,9e5g-zqyt,,,,,,115,157
,,,,,,,https://data.austintexas.gov/d/37zz-93tg,228,233,2,2,,https://data.austintexas.gov/api/views/37zz-93tg/metrics.json?start=1451606400000&end=1475539199999,,,,,,,,,37zz-93tg,,,,,,168,224
,,,,,,,https://data.austintexas.gov/d/8uvp-rwpt,135,180,,0,,https://data.austintexas.gov/api/views/8uvp-rwpt/metrics.json?start=1451606400000&end=1475539199999,,,,,,,,,8uvp-rwpt,,,,,,108,184
,,,,,,,https://data.austintexas.gov/d/wg4m-dfpc,161,161,247,251,,https://data.austintexas.gov/api/views/wg4m-dfpc/metrics.json?start=1451606400000&end=1475539199999,,,,,,,,,wg4m-dfpc,,,,,,393,408
,,,,,,,https://data.austintexas.gov/d/m4wb-q5fa,169,178,,0,,https://data.austintexas.gov/api/views/m4wb-q5fa/metrics.json?start=1451606400000&end=1475539199999,,2,,2,,,,,m4wb-q5fa,,,,,,170,213
,,,,,,,https://data.austintexas.gov/d/krg6-2bs5,193,205,,0,,https://data.austintexas.gov/api/views/krg6-2bs5/metrics.json?start=1451606400000&end=1475539199999,,,,,,,,,krg6-2bs5,,,,,,115,170
,,,,,,,https://data.austintexas.gov/d/t9gx-rxwg,160,163,,0,,https://data.austintexas.gov/api/views/t9gx-rxwg/metrics.json?start=1451606400000&end=1475539199999,1,1,,,,,,,t9gx-rxwg,,4,,4,,551,606
,,,,,,,https://data.austintexas.gov/d/cuj8-q69v,178,178,,0,,https://data.austintexas.gov/api/views/cuj8-q69v/metrics.json?start=1451606400000&end=1475539199999,,,,,,,,,cuj8-q69v,1,1,,,,312,314
,,,,,,,https://data.austintexas.gov/d/ctnk-wvxm,157,216,1,1,,https://data.austintexas.gov/api/views/ctnk-wvxm/metrics.json?start=1451606400000&end=1475539199999,,,,,,,,,ctnk-wvxm,,,,,,119,193
,,,,,,,https://data.austintexas.gov/d/5h9c-wmds,218,227,,0,,https://data.austintexas.gov/api/views/5h9c-wmds/metrics.json?start=1451606400000&end=1475539199999,,,,,,,,,5h9c-wmds,,,,,,416,450
,3,,1,,,,https://data.austintexas.gov/d/ad4p-xsn6,140,141,,0,,https://data.austintexas.gov/api/views/ad4p-xsn6/metrics.json?start=1451606400000&end=1475539199999,1,1,,,,,,,ad4p-xsn6,,,,,,183,208
,1,,,,,,https://data.austintexas.gov/d/ydem-x7j5,160,200,,1,,https://data.austintexas.gov/api/views/ydem-x7j5/metrics.json?start=1451606400000&end=1475539199999,,,,,,,,,ydem-x7j5,,,,,,65,140
,1,,,,,,https://data.austintexas.gov/d/8ruh-ty5d,149,194,,0,,https://data.austintexas.gov/api/views/8ruh-ty5d/metrics.json?start=1451606400000&end=1475539199999,,,,,,,,,8ruh-ty5d,,,,,,43,116
1,1,10,10,,,,https://data.austintexas.gov/d/kexg-4t6a,214,216,1,1,,https://data.austintexas.gov/api/views/kexg-4t6a/metrics.json?start=1451606400000&end=1475539199999,4,4,3,3,,,,,kexg-4t6a,,,,,,407,425
,1,,,,,,https://data.austintexas.gov/d/ps5c-8d86,149,194,,0,,https://data.austintexas.gov/api/views/ps5c-8d86/metrics.json?start=1451606400000&end=1475539199999,,,,,,,,,ps5c-8d86,,,,,,67,129
,1,4,11,,,,https://data.austintexas.gov/d/8yfa-b3bq,147,178,,0,,https://data.austintexas.gov/api/views/8yfa-b3bq/metrics.json?start=1451606400000&end=1475539199999,,,,,,,,,8yfa-b3bq,,,,,,132,187
,,,,,,,https://data.austintexas.gov/d/692b-xsit,173,175,,0,,https://data.austintexas.gov/api/views/692b-xsit/metrics.json?start=1451606400000&end=1475539199999,,,,,,,,,692b-xsit,,,,,,155,188
,1,,,,,,https://data.austintexas.gov/d/eg8t-399m,152,195,,0,,https://data.austintexas.gov/api/views/eg8t-399m/metrics.json?start=1451606400000&end=1475539199999,,,,,,,,,eg8t-399m,,,,,,54,112
,,,,,,,https://data.austintexas.gov/d/vs6n-chuq,159,210,,0,,https://data.austintexas.gov/api/views/vs6n-chuq/metrics.json?start=1451606400000&end=1475539199999,,,,,,,,,vs6n-chuq,,,,,,86,141
7,7,,,,,,https://data.austintexas.gov/d/hjne-yn95,143,144,1,1,,https://data.austintexas.gov/api/views/hjne-yn95/metrics.json?start=1451606400000&end=1475539199999,,,,,6,6,1860,1977,hjne-yn95,,,,,,166,167
,,,,,,,https://data.austintexas.gov/d/pdfd-8tju,156,165,,0,,https://data.austintexas.gov/api/views/pdfd-8tju/metrics.json?start=1451606400000&end=1475539199999,,,,,,,,,pdfd-8tju,,,,,,157,177
,,,,,,,https://data.austintexas.gov/d/h3kb-8atx,123,123,32,32,,https://data.austintexas.gov/api/views/h3kb-8atx/metrics.json?start=1451606400000&end=1475539199999,,,,,,,,,h3kb-8atx,,,,,,297,301
,,,,,,,https://data.austintexas.gov/d/p4pj-6q8i,217,224,,0,,https://data.austintexas.gov/api/views/p4pj-6q8i/metrics.json?start=1451606400000&end=1475539199999,,,,,,,,,p4pj-6q8i,,,,,,101,146
,1,,,,,,https://data.austintexas.gov/d/7kz2-qyez,148,181,,0,,https://data.austintexas.gov/api/views/7kz2-qyez/metrics.json?start=1451606400000&end=1475539199999,,,,,,,,,7kz2-qyez,,,,,,72,123
,,,,,,,https://data.austintexas.gov/d/98zg-jkqu,224,237,,0,,https://data.austintexas.gov/api/views/98zg-jkqu/metrics.json?start=1451606400000&end=1475539199999,,,,,,,,,98zg-jkqu,,,,,,237,280
,,,,,,,https://data.austintexas.gov/d/x4vz-3xdy,214,227,,0,,https://data.austintexas.gov/api/views/x4vz-3xdy/metrics.json?start=1451606400000&end=1475539199999,,,,,,,,,x4vz-3xdy,,,,,,122,155
,1,,,,,,https://data.austintexas.gov/d/3maj-7ecz,178,185,,0,,https://data.austintexas.gov/api/views/3maj-7ecz/metrics.json?start=1451606400000&end=1475539199999,,,,,,,,,3maj-7ecz,,,,,,113,124
,1,,1,,,,https://data.austintexas.gov/d/7it9-7pjx,151,179,,0,,https://data.austintexas.gov/api/views/7it9-7pjx/metrics.json?start=1451606400000&end=1475539199999,,,,,,,,,7it9-7pjx,,,,,,61,114
,1,,,,,,https://data.austintexas.gov/d/up99-pfez,151,198,,0,,https://data.austintexas.gov/api/views/up99-pfez/metrics.json?start=1451606400000&end=1475539199999,,,,,,,,,up99-pfez,,,,,,72,120
,,,,,,,https://data.austintexas.gov/d/uizf-mcbc,190,199,,0,,https://data.austintexas.gov/api/views/uizf-mcbc/metrics.json?start=1451606400000&end=1475539199999,,,,,,,,,uizf-mcbc,,,,,,183,215
,,,,,,,https://data.austintexas.gov/d/eyec-w6nz,166,175,,0,,https://data.austintexas.gov/api/views/eyec-w6nz/metrics.json?start=1451606400000&end=1475539199999,,,,,,,,,eyec-w6nz,,,,,,108,142
,1,,1,,,,https://data.austintexas.gov/d/y6ng-5ymj,162,168,,0,,https://data.austintexas.gov/api/views/y6ng-5ymj/metrics.json?start=1451606400000&end=1475539199999,,1,,1,,,,,y6ng-5ymj,,,,,,145,179
,1,,,,,,https://data.austintexas.gov/d/krsq-4num,149,182,,0,,https://data.austintexas.gov/api/views/krsq-4num/metrics.json?start=1451606400000&end=1475539199999,,,,,,,,,krsq-4num,,,,,,61,95
,,,,,,,https://data.austintexas.gov/d/37ft-tmhr,131,147,,0,,https://data.austintexas.gov/api/views/37ft-tmhr/metrics.json?start=1451606400000&end=1475539199999,,1,1,7,,,,,37ft-tmhr,,,,,,67,112
,1,,,,,,https://data.austintexas.gov/d/cu49-7a5a,161,196,,0,,https://data.austintexas.gov/api/views/cu49-7a5a/metrics.json?start=1451606400000&end=1475539199999,,,,,,,,,cu49-7a5a,,,,,,62,103
3,4,,,,,,https://data.austintexas.gov/d/5nys-nsyc,175,175,3,3,,https://data.austintexas.gov/api/views/5nys-nsyc/metrics.json?start=1451606400000&end=1475539199999,,,,,4,4,792,817,5nys-nsyc,,,,,,136,147
,2,,,,,,https://data.austintexas.gov/d/dque-zfgd,148,183,,0,,https://data.austintexas.gov/api/views/dque-zfgd/metrics.json?start=1451606400000&end=1475539199999,,,,,,,,,dque-zfgd,,,,,,41,83
,,,,,,,https://data.austintexas.gov/d/w8rr-4qky,158,163,4,5,,https://data.austintexas.gov/api/views/w8rr-4qky/metrics.json?start=1451606400000&end=1475539199999,,,,,,,,,w8rr-4qky,,,,,,112,133
,,,,,,,https://data.austintexas.gov/d/vzty-yezt,160,202,,0,,https://data.austintexas.gov/api/views/vzty-yezt/metrics.json?start=1451606400000&end=1475539199999,,,,,,,,,vzty-yezt,,,,,,42,98
,,,,,,,https://data.austintexas.gov/d/cje8-pznp,175,182,,0,,https://data.austintexas.gov/api/views/cje8-pznp/metrics.json?start=1451606400000&end=1475539199999,,,,,,,,,cje8-pznp,,,,,,82,103
,,,,,,,https://data.austintexas.gov/d/qunj-fzvx,190,204,,0,,https://data.austintexas.gov/api/views/qunj-fzvx/metrics.json?start=1451606400000&end=1475539199999,,,,,,,,,qunj-fzvx,,,,,,129,158
,,,,,,,https://data.austintexas.gov/d/3tiy-6kg3,168,175,5,5,,https://data.austintexas.gov/api/views/3tiy-6kg3/metrics.json?start=1451606400000&end=1475539199999,,,,,,,,,3tiy-6kg3,,,,,,87,118
,1,,,,,,https://data.austintexas.gov/d/rtwz-6ypq,141,176,,0,,https://data.austintexas.gov/api/views/rtwz-6ypq/metrics.json?start=1451606400000&end=1475539199999,,,,,,,,,rtwz-6ypq,,,,,,73,107
,1,,,,,,https://data.austintexas.gov/d/v7ft-5zy3,145,183,,0,,https://data.austintexas.gov/api/views/v7ft-5zy3/metrics.json?start=1451606400000&end=1475539199999,,,,,,,,,v7ft-5zy3,,,,,,56,95
,1,,,,,,https://data.austintexas.gov/d/9ejy-j7t5,152,188,,0,,https://data.austintexas.gov/api/views/9ejy-j7t5/metrics.json?start=1451606400000&end=1475539199999,,,,,,,,,9ejy-j7t5,,,,,,67,107
,1,,,,,,https://data.austintexas.gov/d/tb3x-mddn,153,185,,0,,https://data.austintexas.gov/api/views/tb3x-mddn/metrics.json?start=1451606400000&end=1475539199999,,,,,,,,,tb3x-mddn,,,,,,45,89
,,,,,,,https://data.austintexas.gov/d/7pv3-htyn,171,183,,0,,https://data.austintexas.gov/api/views/7pv3-htyn/metrics.json?start=1451606400000&end=1475539199999,,,,,,,,,7pv3-htyn,,,,,,88,124
,1,,,,,,https://data.austintexas.gov/d/pzre-m4ee,144,175,,0,,https://data.austintexas.gov/api/views/pzre-m4ee/metrics.json?start=1451606400000&end=1475539199999,,,,,,,,,pzre-m4ee,,,,,,47,86
,,,,,,,https://data.austintexas.gov/d/eff2-t5tb,163,164,,0,,https://data.austintexas.gov/api/views/eff2-t5tb/metrics.json?start=1451606400000&end=1475539199999,,,,,,,,,eff2-t5tb,1,1,,,,200,203
,,,,,,,https://data.austintexas.gov/d/8ih9-dnxa,184,191,3,3,,https://data.austintexas.gov/api/views/8ih9-dnxa/metrics.json?start=1451606400000&end=1475539199999,,,,,,,,,8ih9-dnxa,,,,,,124,141
,1,,,,,,https://data.austintexas.gov/d/7xxy-upkf,137,166,,0,,https://data.austintexas.gov/api/views/7xxy-upkf/metrics.json?start=1451606400000&end=1475539199999,,,,,,,,,7xxy-upkf,,,,,,38,82
,,,,,,,https://data.austintexas.gov/d/ba4t-mrbm,159,209,,0,,https://data.austintexas.gov/api/views/ba4t-mrbm/metrics.json?start=1451606400000&end=1475539199999,,,,,,,,,ba4t-mrbm,,,,,,53,103
,1,,,,,,https://data.austintexas.gov/d/k4zx-bu88,134,179,,0,,https://data.austintexas.gov/api/views/k4zx-bu88/metrics.json?start=1451606400000&end=1475539199999,,,,,,,,,k4zx-bu88,,,,,,58,97
,1,,,,,,https://data.austintexas.gov/d/kwy8-mxxs,137,164,,0,,https://data.austintexas.gov/api/views/kwy8-mxxs/metrics.json?start=1451606400000&end=1475539199999,,,,,,,,,kwy8-mxxs,,,,,,73,106
,,,,,,,https://data.austintexas.gov/d/hetr-8wqd,193,195,3,3,,https://data.austintexas.gov/api/views/hetr-8wqd/metrics.json?start=1451606400000&end=1475539199999,,,,,,,,,hetr-8wqd,,,,,,176,196
,,,,,,,https://data.austintexas.gov/d/jji9-e2m5,164,176,3,3,,https://data.austintexas.gov/api/views/jji9-e2m5/metrics.json?start=1451606400000&end=1475539199999,,,,,,,,,jji9-e2m5,,,,,,103,135
,1,,,,,,https://data.austintexas.gov/d/kpdv-fdxg,140,167,,0,,https://data.austintexas.gov/api/views/kpdv-fdxg/metrics.json?start=1451606400000&end=1475539199999,,,,,,,,,kpdv-fdxg,,,,,,44,80
,1,,,,,,https://data.austintexas.gov/d/8jjf-bejx,159,186,,4,,https://data.austintexas.gov/api/views/8jjf-bejx/metrics.json?start=1451606400000&end=1475539199999,,,,,,,,,8jjf-bejx,,,,,,53,88
,,,,,,,https://data.austintexas.gov/d/un2z-dfva,151,160,2,2,,https://data.austintexas.gov/api/views/un2z-dfva/metrics.json?start=1451606400000&end=1475539199999,,,,,,,,,un2z-dfva,,,,,,95,123
,,,,,,,https://data.austintexas.gov/d/2b2e-w4kf,159,163,3,3,,https://data.austintexas.gov/api/views/2b2e-w4kf/metrics.json?start=1451606400000&end=1475539199999,,,,,,,,,2b2e-w4kf,,,,,,133,155
,,,,,,,https://data.austintexas.gov/d/btjx-7fri,163,166,,0,,https://data.austintexas.gov/api/views/btjx-7fri/metrics.json?start=1451606400000&end=1475539199999,,,,,,,,,btjx-7fri,,,,,,91,113
,,,,,,,https://data.austintexas.gov/d/ewqz-mrzs,186,190,2,2,,https://data.austintexas.gov/api/views/ewqz-mrzs/metrics.json?start=1451606400000&end=1475539199999,3,3,9,9,,,,,ewqz-mrzs,,,,,,243,257
,1,1,1,,,,https://data.austintexas.gov/d/xtim-9ehs,159,162,,0,,https://data.austintexas.gov/api/views/xtim-9ehs/metrics.json?start=1451606400000&end=1475539199999,,,,,,,,,xtim-9ehs,,,,,,118,137
,,,,,,,https://data.austintexas.gov/d/drnt-j5qy,158,203,,0,,https://data.austintexas.gov/api/views/drnt-j5qy/metrics.json?start=1451606400000&end=1475539199999,,,,,,,,,drnt-j5qy,,,,,,58,101
,1,,,,,,https://data.austintexas.gov/d/9w5t-cuk2,159,175,,0,,https://data.austintexas.gov/api/views/9w5t-cuk2/metrics.json?start=1451606400000&end=1475539199999,,,,,,,,,9w5t-cuk2,,,,,,61,93
,,,,,,,https://data.austintexas.gov/d/5j2i-tq4k,251,258,,0,,https://data.austintexas.gov/api/views/5j2i-tq4k/metrics.json?start=1451606400000&end=1475539199999,,,,,,,,,5j2i-tq4k,,,,,,107,128
,,,,,,,https://data.austintexas.gov/d/pbam-er2r,170,177,,0,,https://data.austintexas.gov/api/views/pbam-er2r/metrics.json?start=1451606400000&end=1475539199999,,,,,,,,,pbam-er2r,,,,,,95,120
,,,,,,,https://data.austintexas.gov/d/4sv9-5zm8,145,187,,0,,https://data.austintexas.gov/api/views/4sv9-5zm8/metrics.json?start=1451606400000&end=1475539199999,,,,,,,,,4sv9-5zm8,,,,,,52,101
,1,,,,,,https://data.austintexas.gov/d/bw6v-aead,149,179,,0,,https://data.austintexas.gov/api/views/bw6v-aead/metrics.json?start=1451606400000&end=1475539199999,,,,,,,,,bw6v-aead,,,,,,49,86
,,,,,,,https://data.austintexas.gov/d/fytz-zuei,157,161,,0,,https://data.austintexas.gov/api/views/fytz-zuei/metrics.json?start=1451606400000&end=1475539199999,,,,,,,,,fytz-zuei,,,,,,80,107
,1,,,,,,https://data.austintexas.gov/d/wtyt-mpzf,148,171,,0,,https://data.austintexas.gov/api/views/wtyt-mpzf/metrics.json?start=1451606400000&end=1475539199999,,,,,,,,,wtyt-mpzf,,,,,,43,71
,1,,,,,,https://data.austintexas.gov/d/itfg-ism7,143,169,,0,,https://data.austintexas.gov/api/views/itfg-ism7/metrics.json?start=1451606400000&end=1475539199999,,,,,,,,,itfg-ism7,,,,,,59,87
,1,,,,,,https://data.austintexas.gov/d/nqv2-nbrj,142,169,,0,,https://data.austintexas.gov/api/views/nqv2-nbrj/metrics.json?start=1451606400000&end=1475539199999,,,,,,,,,nqv2-nbrj,,,,,,46,79
,,,,,,,https://data.austintexas.gov/d/jhra-82n2,184,188,,0,,https://data.austintexas.gov/api/views/jhra-82n2/metrics.json?start=1451606400000&end=1475539199999,,,,,,,,,jhra-82n2,,,,,,75,96
,,,,,,,https://data.austintexas.gov/d/us2y-viyp,152,155,,0,,https://data.austintexas.gov/api/views/us2y-viyp/metrics.json?start=1451606400000&end=1475539199999,,,,,,,,,us2y-viyp,,3,,3,,91,111
,1,,,,,,https://data.austintexas.gov/d/da96-d4bx,149,175,,0,,https://data.austintexas.gov/api/views/da96-d4bx/metrics.json?start=1451606400000&end=1475539199999,,,,,,,,,da96-d4bx,,,,,,52,80
,,,,,,,https://data.austintexas.gov/d/6v99-vnq3,182,187,,0,,https://data.austintexas.gov/api/views/6v99-vnq3/metrics.json?start=1451606400000&end=1475539199999,,,,,,,,,6v99-vnq3,,,,,,84,107
,1,,,,,,https://data.austintexas.gov/d/6m7k-g59q,154,183,,0,,https://data.austintexas.gov/api/views/6m7k-g59q/metrics.json?start=1451606400000&end=1475539199999,,,,,,,,,6m7k-g59q,,,,,,38,70
,,,,,,,https://data.austintexas.gov/d/7g8v-xxja,162,162,,0,,https://data.austintexas.gov/api/views/7g8v-xxja/metrics.json?start=1451606400000&end=1475539199999,,,,,,,,,7g8v-xxja,,,,,,173,190
,,,,,,,https://data.austintexas.gov/d/e7fj-wxvd,163,166,7,7,,https://data.austintexas.gov/api/views/e7fj-wxvd/metrics.json?start=1451606400000&end=1475539199999,,,,,,,,,e7fj-wxvd,,,,,,170,182
,1,,,,,,https://data.austintexas.gov/d/rbfq-6fgu,146,169,,0,,https://data.austintexas.gov/api/views/rbfq-6fgu/metrics.json?start=1451606400000&end=1475539199999,,,,,,,,,rbfq-6fgu,,,,,,50,75
,1,,,,,,https://data.austintexas.gov/d/e2a3-3mi6,161,186,,0,,https://data.austintexas.gov/api/views/e2a3-3mi6/metrics.json?start=1451606400000&end=1475539199999,,,,,,,,,e2a3-3mi6,,,,,,62,87
,1,,,,,,https://data.austintexas.gov/d/ubs4-99wr,149,168,,0,,https://data.austintexas.gov/api/views/ubs4-99wr/metrics.json?start=1451606400000&end=1475539199999,,,,,,,,,ubs4-99wr,,,,,,61,81
,,,,,,,https://data.austintexas.gov/d/vuwy-s6qv,152,155,,0,,https://data.austintexas.gov/api/views/vuwy-s6qv/metrics.json?start=1451606400000&end=1475539199999,,,,,,,,,vuwy-s6qv,,,,,,79,97
,,,,,,,https://data.austintexas.gov/d/6zan-sbz2,171,178,5,6,,https://data.austintexas.gov/api/views/6zan-sbz2/metrics.json?start=1451606400000&end=1475539199999,,,,,,,,,6zan-sbz2,,,,,,175,191
,,,,,,,https://data.austintexas.gov/d/cvnz-fq2z,147,149,,0,,https://data.austintexas.gov/api/views/cvnz-fq2z/metrics.json?start=1451606400000&end=1475539199999,,,,,,,,,cvnz-fq2z,,1,,,,43,56
,,,,,,,https://data.austintexas.gov/d/w8qc-ggfy,161,164,,0,,https://data.austintexas.gov/api/views/w8qc-ggfy/metrics.json?start=1451606400000&end=1475539199999,,,,,,,,,w8qc-ggfy,,1,1,1,,55,69
,,,,,,,https://data.austintexas.gov/d/wfm8-s7zc,172,181,,0,,https://data.austintexas.gov/api/views/wfm8-s7zc/metrics.json?start=1451606400000&end=1475539199999,,,,,,,,,wfm8-s7zc,,,,,,66,85
,,,,,,,https://data.austintexas.gov/d/vyev-yeag,238,247,,0,,https://data.austintexas.gov/api/views/vyev-yeag/metrics.json?start=1451606400000&end=1475539199999,,,,,,,,,vyev-yeag,,,,,,86,108
,,,,,,,https://data.austintexas.gov/d/w635-mmjr,150,157,2,2,,https://data.austintexas.gov/api/views/w635-mmjr/metrics.json?start=1451606400000&end=1475539199999,,,,,,,,,w635-mmjr,,,,,,65,89
,1,,,,,,https://data.austintexas.gov/d/acyh-8suc,188,202,,0,,https://data.austintexas.gov/api/views/acyh-8suc/metrics.json?start=1451606400000&end=1475539199999,1,1,,,,,,,acyh-8suc,,,,,,70,82
,,,,,,,https://data.austintexas.gov/d/ekzc-6qg9,143,144,,0,,https://data.austintexas.gov/api/views/ekzc-6qg9/metrics.json?start=1451606400000&end=1475539199999,,,,,,,,,ekzc-6qg9,,,,,,113,127
,,,,,,,https://data.austintexas.gov/d/jmuq-5usm,210,217,,0,,https://data.austintexas.gov/api/views/jmuq-5usm/metrics.json?start=1451606400000&end=1475539199999,,,,,,,,,jmuq-5usm,,,,,,67,93
,,,,,,,https://data.austintexas.gov/d/pzmf-qcv7,140,140,,0,,https://data.austintexas.gov/api/views/pzmf-qcv7/metrics.json?start=1451606400000&end=1475539199999,,,,,,0,,269,pzmf-qcv7,,,,,,151,166
,,,,,,,https://data.austintexas.gov/d/f6gm-a8j6,208,213,1,1,,https://data.austintexas.gov/api/views/f6gm-a8j6/metrics.json?start=1451606400000&end=1475539199999,,,,,,,,,f6gm-a8j6,,,,,,59,82
,,,,,,,https://data.austintexas.gov/d/m87q-f83v,148,149,,0,,https://data.austintexas.gov/api/views/m87q-f83v/metrics.json?start=1451606400000&end=1475539199999,,2,,6,,,,,m87q-f83v,,,,,,52,65
,1,,,,,,https://data.austintexas.gov/d/qyb8-tmu7,137,157,,0,,https://data.austintexas.gov/api/views/qyb8-tmu7/metrics.json?start=1451606400000&end=1475539199999,,,,,,,,,qyb8-tmu7,,,,,,54,74
,,,,,,,https://data.austintexas.gov/d/erps-465e,134,136,4,4,,https://data.austintexas.gov/api/views/erps-465e/metrics.json?start=1451606400000&end=1475539199999,,,,,,,,,erps-465e,,,,,,147,161
,,,,,,,https://data.austintexas.gov/d/wj2d-jcey,108,108,193,193,,https://data.austintexas.gov/api/views/wj2d-jcey/metrics.json?start=1451606400000&end=1475539199999,,,,,,,,,wj2d-jcey,,,,,,558,558
,,,,,,,https://data.austintexas.gov/d/a2zj-3chk,142,143,,0,,https://data.austintexas.gov/api/views/a2zj-3chk/metrics.json?start=1451606400000&end=1475539199999,,,,,,,,,a2zj-3chk,,1,,,,53,59
,,,,,,,https://data.austintexas.gov/d/jnev-h7d5,158,158,,0,,https://data.austintexas.gov/api/views/jnev-h7d5/metrics.json?start=1451606400000&end=1475539199999,,,,,,,,,jnev-h7d5,,,,,,65,73
,,,,,,,https://data.austintexas.gov/d/m6s3-9c5q,156,156,,0,,https://data.austintexas.gov/api/views/m6s3-9c5q/metrics.json?start=1451606400000&end=1475539199999,,,,,,,,,m6s3-9c5q,,,,,,78,97
,,,,,,,https://data.austintexas.gov/d/im9u-snku,146,146,,0,,https://data.austintexas.gov/api/views/im9u-snku/metrics.json?start=1451606400000&end=1475539199999,,,,,,,,,im9u-snku,,1,,1,,46,60
,,,,,,,https://data.austintexas.gov/d/bvdj-b937,154,154,,0,,https://data.austintexas.gov/api/views/bvdj-b937/metrics.json?start=1451606400000&end=1475539199999,,,,,,,,,bvdj-b937,,,,,,135,135
,,,,,,,https://data.austintexas.gov/d/h77e-esmt,140,140,,0,,https://data.austintexas.gov/api/views/h77e-esmt/metrics.json?start=1451606400000&end=1475539199999,,,,,,,,,h77e-esmt,,,,,,515,515
,,,,,,,https://data.austintexas.gov/d/3gcv-xuei,163,164,,0,,https://data.austintexas.gov/api/views/3gcv-xuei/metrics.json?start=1451606400000&end=1475539199999,,,,,,,,,3gcv-xuei,,,,,,81,101
,,,,,,,https://data.austintexas.gov/d/q86y-e7vw,133,133,,0,,https://data.austintexas.gov/api/views/q86y-e7vw/metrics.json?start=1451606400000&end=1475539199999,,,,,,,,,q86y-e7vw,,,,,,153,153
,,,,,,,https://data.austintexas.gov/d/rd5n-3pmq,138,146,,0,,https://data.austintexas.gov/api/views/rd5n-3pmq/metrics.json?start=1451606400000&end=1475539199999,,,,,,,,,rd5n-3pmq,,,,,,39,56
1,1,1,1,,,,https://data.austintexas.gov/d/h3xg-ijts,82,82,1,1,,https://data.austintexas.gov/api/views/h3xg-ijts/metrics.json?start=1451606400000&end=1475539199999,,,,,,,,,h3xg-ijts,,,,,,97,97
,,,,,,,https://data.austintexas.gov/d/eiru-bwcv,126,126,4,4,,https://data.austintexas.gov/api/views/eiru-bwcv/metrics.json?start=1451606400000&end=1475539199999,1,1,4,4,,,,,eiru-bwcv,,,,,,68,68
,,,,,,,https://data.austintexas.gov/d/d9pb-3vh7,122,122,13,13,,https://data.austintexas.gov/api/views/d9pb-3vh7/metrics.json?start=1451606400000&end=1475539199999,2,2,1,1,,,,,d9pb-3vh7,,,,,,171,173
,,,,,,,https://data.austintexas.gov/d/7ad5-5kzx,123,123,,0,,https://data.austintexas.gov/api/views/7ad5-5kzx/metrics.json?start=1451606400000&end=1475539199999,,,,,,,,,7ad5-5kzx,,,,,,110,110
,,,,,,,https://data.austintexas.gov/d/i8u6-gqak,165,165,,0,,https://data.austintexas.gov/api/views/i8u6-gqak/metrics.json?start=1451606400000&end=1475539199999,,,,,,,,,i8u6-gqak,,,,,,48,56
,,,,,,,https://data.austintexas.gov/d/97sh-bm58,109,109,,0,,https://data.austintexas.gov/api/views/97sh-bm58/metrics.json?start=1451606400000&end=1475539199999,,,,,,,,,97sh-bm58,1,1,,,,61,62
,,,,,,,https://data.austintexas.gov/d/drfs-g7hw,144,145,,0,,https://data.austintexas.gov/api/views/drfs-g7hw/metrics.json?start=1451606400000&end=1475539199999,,,,,,,,,drfs-g7hw,,,,,,81,90
,,,,,,,https://data.austintexas.gov/d/f94t-frec,139,139,,0,,https://data.austintexas.gov/api/views/f94t-frec/metrics.json?start=1451606400000&end=1475539199999,,,,,,,,,f94t-frec,,,,,,115,115
,,,,,,,https://data.austintexas.gov/d/8dff-2vkt,78,78,1,1,,https://data.austintexas.gov/api/views/8dff-2vkt/metrics.json?start=1451606400000&end=1475539199999,,,,,,,,,8dff-2vkt,1,1,,,,45,45
,,,,,,,https://data.austintexas.gov/d/8spj-utxs,172,172,,0,,https://data.austintexas.gov/api/views/8spj-utxs/metrics.json?start=1451606400000&end=1475539199999,,,,,,,,,8spj-utxs,,,,,,,6
,,,,,,,https://data.austintexas.gov/d/3buj-7jze,112,112,464,466,,https://data.austintexas.gov/api/views/3buj-7jze/metrics.json?start=1451606400000&end=1475539199999,,,,,,,,,3buj-7jze,2,2,2,2,,576,590
,,,,,,,https://data.austintexas.gov/d/g4cf-fbiv,114,114,,0,,https://data.austintexas.gov/api/views/g4cf-fbiv/metrics.json?start=1451606400000&end=1475539199999,,,,,,,,,g4cf-fbiv,,,,,,26,26
,,,,,,,https://data.austintexas.gov/d/b87j-3i3i,27,27,,0,,https://data.austintexas.gov/api/views/b87j-3i3i/metrics.json?start=1451606400000&end=1475539199999,,,,,,,,,b87j-3i3i,,,,,,25,26
,,,,,,,https://data.austintexas.gov/d/mt4k-z5hx,20,21,,0,,https://data.austintexas.gov/api/views/mt4k-z5hx/metrics.json?start=1451606400000&end=1475539199999,,,,,,,,,mt4k-z5hx,,,,,,19,19
,,,,,,,https://data.austintexas.gov/d/ukf5-i76d,24,25,,0,,https://data.austintexas.gov/api/views/ukf5-i76d/metrics.json?start=1451606400000&end=1475539199999,,,,,,,,,ukf5-i76d,,,,,,27,28
,,,,,,,https://data.austintexas.gov/d/qhxa-cink,20,21,,0,,https://data.austintexas.gov/api/views/qhxa-cink/metrics.json?start=1451606400000&end=1475539199999,,,,,,,,,qhxa-cink,,,,,,22,22
,,,,,,,https://data.austintexas.gov/d/s7dz-xhcs,15,16,,0,,https://data.austintexas.gov/api/views/s7dz-xhcs/metrics.json?start=1451606400000&end=1475539199999,,,,,,,,,s7dz-xhcs,,,,,,13,13
,,,,,,,https://data.austintexas.gov/d/id6k-2trt,100,101,,0,,https://data.austintexas.gov/api/views/id6k-2trt/metrics.json?start=1451606400000&end=1475539199999,,,,,,,,,id6k-2trt,,,,,,123,123
,,,,,,,https://data.austintexas.gov/d/pnzb-xcxc,92,92,,0,,https://data.austintexas.gov/api/views/pnzb-xcxc/metrics.json?start=1451606400000&end=1475539199999,,,,,,,,,pnzb-xcxc,,,,,,147,148
,,,,,,,https://data.austintexas.gov/d/ac5x-csd7,19,19,,0,,https://data.austintexas.gov/api/views/ac5x-csd7/metrics.json?start=1451606400000&end=1475539199999,,,,,,,,,ac5x-csd7,,,,,,18,18
1,1,2,2,,,,https://data.austintexas.gov/d/i8ty-ijab,13,13,,0,,https://data.austintexas.gov/api/views/i8ty-ijab/metrics.json?start=1451606400000&end=1475539199999,,,,,,,,,i8ty-ijab,,,,,,26,26
4,4,,,,,,https://data.austintexas.gov/d/irfb-9pg3,76,76,,0,,https://data.austintexas.gov/api/views/irfb-9pg3/metrics.json?start=1451606400000&end=1475539199999,,,,,3,3,643,668,irfb-9pg3,,,,,,26,26
,,,,,,,https://data.austintexas.gov/d/shpc-w93a,53,53,523,525,,https://data.austintexas.gov/api/views/shpc-w93a/metrics.json?start=1451606400000&end=1475539199999,,,,,,,,,shpc-w93a,,,,,,561,563
2,2,,,,,,https://data.austintexas.gov/d/hczw-bepk,27,27,,0,,https://data.austintexas.gov/api/views/hczw-bepk/metrics.json?start=1451606400000&end=1475539199999,,,,,,,,,hczw-bepk,,,,,,19,19
2,2,,,,,,https://data.austintexas.gov/d/9883-wyxr,37,37,,0,,https://data.austintexas.gov/api/views/9883-wyxr/metrics.json?start=1451606400000&end=1475539199999,,,,,,,,,9883-wyxr,,,,,,23,23
2,2,,,,,,https://data.austintexas.gov/d/nh2n-meax,20,20,,0,,https://data.austintexas.gov/api/views/nh2n-meax/metrics.json?start=1451606400000&end=1475539199999,,,,,,,,,nh2n-meax,,,,,,20,20
,,,,,,,https://data.austintexas.gov/d/vv43-e55n,5,5,,0,,https://data.austintexas.gov/api/views/vv43-e55n/metrics.json?start=1451606400000&end=1475539199999,,,,,,,,,vv43-e55n,,,,,,67,67
,,,,,,,https://data.austintexas.gov/d/sc8s-w4ka,12,13,,0,,https://data.austintexas.gov/api/views/sc8s-w4ka/metrics.json?start=1451606400000&end=1475539199999,,,,,,,,,sc8s-w4ka,,,,,,37,37
1,1,,,,,,https://data.austintexas.gov/d/4q6k-ws8w,8,8,,0,,https://data.austintexas.gov/api/views/4q6k-ws8w/metrics.json?start=1451606400000&end=1475539199999,,,,,,,,,4q6k-ws8w,,,,,,5,5
1,1,,,,,,https://data.austintexas.gov/d/7842-dt52,25,25,,0,,https://data.austintexas.gov/api/views/7842-dt52/metrics.json?start=1451606400000&end=1475539199999,,,,,,,,,7842-dt52,,,,,,20,21
,,,,,,,https://data.austintexas.gov/d/q5ym-htjz,6,6,,0,,https://data.austintexas.gov/api/views/q5ym-htjz/metrics.json?start=1451606400000&end=1475539199999,,,,,,,,,q5ym-htjz,,,,,,49,49
1,1,,,,,,https://data.austintexas.gov/d/s37r-gu8j,11,11,,0,,https://data.austintexas.gov/api/views/s37r-gu8j/metrics.json?start=1451606400000&end=1475539199999,,,,,,,,,s37r-gu8j,,,,,,7,7
1,1,,,,,,https://data.austintexas.gov/d/7u4f-uwua,25,25,,0,,https://data.austintexas.gov/api/views/7u4f-uwua/metrics.json?start=1451606400000&end=1475539199999,,,,,,,,,7u4f-uwua,,,,,,20,20
,,,,,,,https://data.austintexas.gov/d/iydp-s2cf,19,19,,0,,https://data.austintexas.gov/api/views/iydp-s2cf/metrics.json?start=1451606400000&end=1475539199999,,,,,,,,,iydp-s2cf,,,,,,67,67
,,,,,,,https://data.austintexas.gov/d/6egj-ay6c,9,10,2,2,,https://data.austintexas.gov/api/views/6egj-ay6c/metrics.json?start=1451606400000&end=1475539199999,,,,,,,,,6egj-ay6c,,,,,,12,12
,,,,,,,https://data.austintexas.gov/d/qxx9-6iwk,7,7,,0,,https://data.austintexas.gov/api/views/qxx9-6iwk/metrics.json?start=1451606400000&end=1475539199999,,,,,,,,,qxx9-6iwk,,,,,,61,61
,,,,,,,https://data.austintexas.gov/d/j9xh-v686,7,7,,0,,https://data.austintexas.gov/api/views/j9xh-v686/metrics.json?start=1451606400000&end=1475539199999,,,,,,,,,j9xh-v686,,,,,,10,10
3,3,,,,,,https://data.austintexas.gov/d/wzpn-8njw,5,6,,0,,https://data.austintexas.gov/api/views/wzpn-8njw/metrics.json?start=1451606400000&end=1475539199999,,,,,,,,,wzpn-8njw,,,,,,4,4
1,1,,,,,,https://data.austintexas.gov/d/48n4-9een,6,7,,0,,https://data.austintexas.gov/api/views/48n4-9een/metrics.json?start=1451606400000&end=1475539199999,,,,,,,,,48n4-9een,,,,,,8,8
,,,,,,,https://data.austintexas.gov/d/ri2e-zk22,31,31,,0,,https://data.austintexas.gov/api/views/ri2e-zk22/metrics.json?start=1451606400000&end=1475539199999,,,,,,,,,ri2e-zk22,,,,,,20,20
,,,,,,,https://data.austintexas.gov/d/5efd-pip9,26,26,,0,,https://data.austintexas.gov/api/views/5efd-pip9/metrics.json?start=1451606400000&end=1475539199999,,,,,,,,,5efd-pip9,,,,,,20,20
9,9,,,,,,https://data.austintexas.gov/d/x6r4-uv3q,31,32,,0,,https://data.austintexas.gov/api/views/x6r4-uv3q/metrics.json?start=1451606400000&end=1475539199999,,,,,,,,,x6r4-uv3q,,,,,,18,18
,,,,,,,https://data.austintexas.gov/d/aw6n-x665,37,37,,0,,https://data.austintexas.gov/api/views/aw6n-x665/metrics.json?start=1451606400000&end=1475539199999,1,1,1,1,,,,,aw6n-x665,,,,,,29,29
3,3,10,10,,,,https://data.austintexas.gov/d/3kfv-biw6,14,15,,0,,https://data.austintexas.gov/api/views/3kfv-biw6/metrics.json?start=1451606400000&end=1475539199999,3,3,5,5,,,,,3kfv-biw6,,,,,,146,147
4,4,,,,,,https://data.austintexas.gov/d/fk8g-gvyn,36,36,1,1,,https://data.austintexas.gov/api/views/fk8g-gvyn/metrics.json?start=1451606400000&end=1475539199999,,,,,,,,,fk8g-gvyn,,,,,,15,15
,,,,,,,https://data.austintexas.gov/d/kccz-7kam,9,11,,0,,https://data.austintexas.gov/api/views/kccz-7kam/metrics.json?start=1451606400000&end=1475539199999,2,2,4,4,,,,,kccz-7kam,,,,,,44,45
,,,,,,,https://data.austintexas.gov/d/a3pf-9u7n,27,28,,0,,https://data.austintexas.gov/api/views/a3pf-9u7n/metrics.json?start=1451606400000&end=1475539199999,,,,,,,,,a3pf-9u7n,1,1,,,,24,24
,,,,,,,https://data.austintexas.gov/d/3p9m-wp4t,14,14,,0,,https://data.austintexas.gov/api/views/3p9m-wp4t/metrics.json?start=1451606400000&end=1475539199999,,,,,,,,,3p9m-wp4t,,,,,,15,15
,,,,,,,https://data.austintexas.gov/d/jrzy-k38j,31,33,,0,,https://data.austintexas.gov/api/views/jrzy-k38j/metrics.json?start=1451606400000&end=1475539199999,,,,,,,,,jrzy-k38j,,,,,,21,22
,,,,,,,https://data.austintexas.gov/d/2u4b-s8xd,18,19,,0,,https://data.austintexas.gov/api/views/2u4b-s8xd/metrics.json?start=1451606400000&end=1475539199999,,,,,,,,,2u4b-s8xd,,,,,,57,58
,,,,,,,https://data.austintexas.gov/d/q2z3-aekt,8,9,,0,,https://data.austintexas.gov/api/views/q2z3-aekt/metrics.json?start=1451606400000&end=1475539199999,,,,,,,,,q2z3-aekt,,,,,,10,11
,,,,not_found,,,https://data.austintexas.gov/d/fe74-agg3,,,,,True,https://data.austintexas.gov/api/views/fe74-agg3/metrics.json?start=1451606400000&end=1475539199999,,,,,,,,,fe74-agg3,,,,,Cannot find view with id fe74-agg3,,
,,,,,,,https://data.austintexas.gov/d/gd3e-xut2,20,21,,0,,https://data.austintexas.gov/api/views/gd3e-xut2/metrics.json?start=1451606400000&end=1475539199999,1,1,1,1,,,,,gd3e-xut2,,,,,,96,96
1,1,,,,,,https://data.austintexas.gov/d/me9g-u32f,6,7,,0,,https://data.austintexas.gov/api/views/me9g-u32f/metrics.json?start=1451606400000&end=1475539199999,,,,,,,,,me9g-u32f,,,,,,7,7
2,2,7,7,,,,https://data.austintexas.gov/d/ss6t-rumq,40,40,,0,,https://data.austintexas.gov/api/views/ss6t-rumq/metrics.json?start=1451606400000&end=1475539199999,3,3,2,2,,,,,ss6t-rumq,,,,,,90,90
,,,,,,,https://data.austintexas.gov/d/teb3-cwz9,18,18,,0,,https://data.austintexas.gov/api/views/teb3-cwz9/metrics.json?start=1451606400000&end=1475539199999,1,1,1,1,,,,,teb3-cwz9,,,,,,70,70
2,2,2,2,,,,https://data.austintexas.gov/d/fnns-rqqh,13,15,,0,,https://data.austintexas.gov/api/views/fnns-rqqh/metrics.json?start=1451606400000&end=1475539199999,,,,,,,,,fnns-rqqh,,,,,,39,39
2,2,4,4,,,,https://data.austintexas.gov/d/6yrz-de8g,21,21,,0,,https://data.austintexas.gov/api/views/6yrz-de8g/metrics.json?start=1451606400000&end=1475539199999,,,,,,,,,6yrz-de8g,,,,,,42,42
3,3,2,2,,,,https://data.austintexas.gov/d/d683-uqui,16,17,,0,,https://data.austintexas.gov/api/views/d683-uqui/metrics.json?start=1451606400000&end=1475539199999,,,,,,,,,d683-uqui,,,,,,27,27
,,,,,,,https://data.austintexas.gov/d/tyr3-rmv9,18,18,,0,,https://data.austintexas.gov/api/views/tyr3-rmv9/metrics.json?start=1451606400000&end=1475539199999,,,,,,,,,tyr3-rmv9,,,,,,47,48
2,2,2,2,,,,https://data.austintexas.gov/d/mpip-i8mq,19,20,,0,,https://data.austintexas.gov/api/views/mpip-i8mq/metrics.json?start=1451606400000&end=1475539199999,,,,,,,,,mpip-i8mq,,,,,,28,29
4,4,16,16,,,,https://data.austintexas.gov/d/ddh8-gyev,13,13,,0,,https://data.austintexas.gov/api/views/ddh8-gyev/metrics.json?start=1451606400000&end=1475539199999,,,,,,,,,ddh8-gyev,,,,,,65,68
,,,,not_found,,,https://data.austintexas.gov/d/8r2c-upwq,,,,,True,https://data.austintexas.gov/api/views/8r2c-upwq/metrics.json?start=1451606400000&end=1475539199999,,,,,,,,,8r2c-upwq,,,,,Cannot find view with id 8r2c-upwq,,
,,,,,,,https://data.austintexas.gov/d/ruj7-9gwq,1,1,3,9,,https://data.austintexas.gov/api/views/ruj7-9gwq/metrics.json?start=1451606400000&end=1475539199999,,,,,,,,,ruj7-9gwq,,,,,,8,14
,,,,,,,https://data.austintexas.gov/d/dbg7-gt7k,52,52,3,3,,https://data.austintexas.gov/api/views/dbg7-gt7k/metrics.json?start=1451606400000&end=1475539199999,,,,,,,,,dbg7-gt7k,,,,,,150,152
,,,,,,,https://data.austintexas.gov/d/eyaq-uimn,13,14,,0,,https://data.austintexas.gov/api/views/eyaq-uimn/metrics.json?start=1451606400000&end=1475539199999,,,,,,,,,eyaq-uimn,,,,,,55,55
,,,,not_found,,,https://data.austintexas.gov/d/xqf2-udyn,,,,,True,https://data.austintexas.gov/api/views/xqf2-udyn/metrics.json?start=1451606400000&end=1475539199999,,,,,,,,,xqf2-udyn,,,,,Cannot find view with id xqf2-udyn,,
,,,,,,,https://data.austintexas.gov/d/efct-8fs9,11,14,,0,,https://data.austintexas.gov/api/views/efct-8fs9/metrics.json?start=1451606400000&end=1475539199999,,,,,,,,,efct-8fs9,,,,,,47,47
2,2,3,3,,,,https://data.austintexas.gov/d/sjzt-gzvd,44,44,,0,,https://data.austintexas.gov/api/views/sjzt-gzvd/metrics.json?start=1451606400000&end=1475539199999,2,2,,,,,,,sjzt-gzvd,,,,,,80,81
1,1,1,1,,,,https://data.austintexas.gov/d/kx5w-sw6u,32,32,1,1,,https://data.austintexas.gov/api/views/kx5w-sw6u/metrics.json?start=1451606400000&end=1475539199999,1,1,,,,,,,kx5w-sw6u,,,,,,50,50
13,13,,,,,,https://data.austintexas.gov/d/9skn-sqpd,20,20,,0,,https://data.austintexas.gov/api/views/9skn-sqpd/metrics.json?start=1451606400000&end=1475539199999,,,,,,,,,9skn-sqpd,,,,,,31,31
,,,,not_found,,,https://data.austintexas.gov/d/9r6u-h97f,,,,,True,https://data.austintexas.gov/api/views/9r6u-h97f/metrics.json?start=1451606400000&end=1475539199999,,,,,,,,,9r6u-h97f,,,,,Cannot find view with id 9r6u-h97f,,
,,,,,,,https://data.austintexas.gov/d/22wq-47zy,43,43,,0,,https://data.austintexas.gov/api/views/22wq-47zy/metrics.json?start=1451606400000&end=1475539199999,,,,,,,,,22wq-47zy,1,1,1,1,,39,39
3,3,,,,,,https://data.austintexas.gov/d/uc3g-2rk9,32,32,,0,,https://data.austintexas.gov/api/views/uc3g-2rk9/metrics.json?start=1451606400000&end=1475539199999,,,,,4,4,1179,1279,uc3g-2rk9,,,,,,24,24
,,,,,,,https://data.austintexas.gov/d/pjaq-d4i3,117,120,8,8,,https://data.austintexas.gov/api/views/pjaq-d4i3/metrics.json?start=1451606400000&end=1475539199999,,,,,,,,,pjaq-d4i3,,,,,,260,260
10,10,3,3,,,,https://data.austintexas.gov/d/skws-9use,98,98,,0,,https://data.austintexas.gov/api/views/skws-9use/metrics.json?start=1451606400000&end=1475539199999,,,,,6,6,743,781,skws-9use,,,,,,49,49
,,,,,,,https://data.austintexas.gov/d/vhr5-vvw2,116,116,4,4,,https://data.austintexas.gov/api/views/vhr5-vvw2/metrics.json?start=1451606400000&end=1475539199999,,,,,,,,,vhr5-vvw2,,,,,,190,190
,,,,,,,https://data.austintexas.gov/d/bdrj-yu8a,37,37,,0,,https://data.austintexas.gov/api/views/bdrj-yu8a/metrics.json?start=1451606400000&end=1475539199999,1,1,,,,,,,bdrj-yu8a,,,,,,54,54
,,,,,,,https://data.austintexas.gov/d/uv94-fems,27,27,,0,,https://data.austintexas.gov/api/views/uv94-fems/metrics.json?start=1451606400000&end=1475539199999,,,,,,,,,uv94-fems,,,,,,32,32
,,,,,,,https://data.austintexas.gov/d/e9x2-49sw,112,113,12,12,,https://data.austintexas.gov/api/views/e9x2-49sw/metrics.json?start=1451606400000&end=1475539199999,,,,,,,,,e9x2-49sw,,,,,,227,231
,,,,,,,https://data.austintexas.gov/d/u3cd-iecr,29,29,,0,,https://data.austintexas.gov/api/views/u3cd-iecr/metrics.json?start=1451606400000&end=1475539199999,,,,,,,,,u3cd-iecr,,,,,,54,54
,,,,,,,https://data.austintexas.gov/d/fw3c-w5de,75,78,,0,,https://data.austintexas.gov/api/views/fw3c-w5de/metrics.json?start=1451606400000&end=1475539199999,,,,,,,,,fw3c-w5de,,,,,,37,37
,,,,,,,https://data.austintexas.gov/d/t4zw-f3yr,81,81,,0,,https://data.austintexas.gov/api/views/t4zw-f3yr/metrics.json?start=1451606400000&end=1475539199999,,,,,,,,,t4zw-f3yr,,,,,,32,32
,,,,,,,https://data.austintexas.gov/d/scy3-ke5d,69,69,1,1,,https://data.austintexas.gov/api/views/scy3-ke5d/metrics.json?start=1451606400000&end=1475539199999,,,,,,,,,scy3-ke5d,,,,,,27,28
,,,,,,,https://data.austintexas.gov/d/yph5-vg2u,115,115,1039,1058,,https://data.austintexas.gov/api/views/yph5-vg2u/metrics.json?start=1451606400000&end=1475539199999,,,,,,,,,yph5-vg2u,,,,,,1182,1202
,,,,,,,https://data.austintexas.gov/d/spbg-9v94,486,499,,0,,https://data.austintexas.gov/api/views/spbg-9v94/metrics.json?start=1451606400000&end=1475539199999,1,1,,,,,,,spbg-9v94,,,,,,337,338
,,,,,,,https://data.austintexas.gov/d/ngdb-nm9b,59,59,526,528,,https://data.austintexas.gov/api/views/ngdb-nm9b/metrics.json?start=1451606400000&end=1475539199999,,,,,,,,,ngdb-nm9b,,,,,,633,635
1,1,,,,,,https://data.austintexas.gov/d/7m38-5fag,54,54,,0,,https://data.austintexas.gov/api/views/7m38-5fag/metrics.json?start=1451606400000&end=1475539199999,,,,,2,2,654,704,7m38-5fag,,,,,,38,38
,,,,,,,https://data.austintexas.gov/d/82dq-nkpk,96,96,115,117,,https://data.austintexas.gov/api/views/82dq-nkpk/metrics.json?start=1451606400000&end=1475539199999,,,,,,,,,82dq-nkpk,,,,,,204,206
3,3,,,,,,https://data.austintexas.gov/d/fr6v-2nu3,58,59,,0,,https://data.austintexas.gov/api/views/fr6v-2nu3/metrics.json?start=1451606400000&end=1475539199999,,,,,3,3,551,576,fr6v-2nu3,,,,,,38,38
1,1,,,,,,https://data.austintexas.gov/d/jttf-iwhx,18,19,,0,,https://data.austintexas.gov/api/views/jttf-iwhx/metrics.json?start=1451606400000&end=1475539199999,,,,,,,,,jttf-iwhx,,,,,,12,13
,,,,,,,https://data.austintexas.gov/d/5zpr-dehc,151,151,,0,,https://data.austintexas.gov/api/views/5zpr-dehc/metrics.json?start=1451606400000&end=1475539199999,,,,,,,,,5zpr-dehc,,,,,,568,570
,,,,,,,https://data.austintexas.gov/d/n5kp-f8k4,31,32,,0,,https://data.austintexas.gov/api/views/n5kp-f8k4/metrics.json?start=1451606400000&end=1475539199999,,,,,,,,,n5kp-f8k4,,,,,,190,191
,,,,not_found,,,https://data.austintexas.gov/d/w4x7-gfja,,,,,True,https://data.austintexas.gov/api/views/w4x7-gfja/metrics.json?start=1451606400000&end=1475539199999,,,,,,,,,w4x7-gfja,,,,,Cannot find view with id w4x7-gfja,,
,,,,not_found,,,https://data.austintexas.gov/d/7358-krk7,,,,,True,https://data.austintexas.gov/api/views/7358-krk7/metrics.json?start=1451606400000&end=1475539199999,,,,,,,,,7358-krk7,,,,,Cannot find view with id 7358-krk7,,
,,,,not_found,,,https://data.austintexas.gov/d/daek-f7x4,,,,,True,https://data.austintexas.gov/api/views/daek-f7x4/metrics.json?start=1451606400000&end=1475539199999,,,,,,,,,daek-f7x4,,,,,Cannot find view with id daek-f7x4,,
,,,,not_found,,,https://data.austintexas.gov/d/avj9-39zb,,,,,True,https://data.austintexas.gov/api/views/avj9-39zb/metrics.json?start=1451606400000&end=1475539199999,,,,,,,,,avj9-39zb,,,,,Cannot find view with id avj9-39zb,,
,,,,not_found,,,https://data.austintexas.gov/d/jir8-be2g,,,,,True,https://data.austintexas.gov/api/views/jir8-be2g/metrics.json?start=1451606400000&end=1475539199999,,,,,,,,,jir8-be2g,,,,,Cannot find view with id jir8-be2g,,
,,,,not_found,,,https://data.austintexas.gov/d/uhvc-ynxd,,,,,True,https://data.austintexas.gov/api/views/uhvc-ynxd/metrics.json?start=1451606400000&end=1475539199999,,,,,,,,,uhvc-ynxd,,,,,Cannot find view with id uhvc-ynxd,,
,,,,not_found,,,https://data.austintexas.gov/d/bc5r-88dy,,,,,True,https://data.austintexas.gov/api/views/bc5r-88dy/metrics.json?start=1451606400000&end=1475539199999,,,,,,,,,bc5r-88dy,,,,,Cannot find view with id bc5r-88dy,,
,,,,not_found,,,https://data.austintexas.gov/d/5nzk-szvg,,,,,True,https://data.austintexas.gov/api/views/5nzk-szvg/metrics.json?start=1451606400000&end=1475539199999,,,,,,,,,5nzk-szvg,,,,,Cannot find view with id 5nzk-szvg,,
,,,,not_found,,,https://data.austintexas.gov/d/ezdt-euam,,,,,True,https://data.austintexas.gov/api/views/ezdt-euam/metrics.json?start=1451606400000&end=1475539199999,,,,,,,,,ezdt-euam,,,,,Cannot find view with id ezdt-euam,,
,,,,not_found,,,https://data.austintexas.gov/d/qs9r-eh8x,,,,,True,https://data.austintexas.gov/api/views/qs9r-eh8x/metrics.json?start=1451606400000&end=1475539199999,,,,,,,,,qs9r-eh8x,,,,,Cannot find view with id qs9r-eh8x,,
,,,,not_found,,,https://data.austintexas.gov/d/m5q4-3y3d,,,,,True,https://data.austintexas.gov/api/views/m5q4-3y3d/metrics.json?start=1451606400000&end=1475539199999,,,,,,,,,m5q4-3y3d,,,,,Cannot find view with id m5q4-3y3d,,
,,,,not_found,,,https://data.austintexas.gov/d/4kje-y9af,,,,,True,https://data.austintexas.gov/api/views/4kje-y9af/metrics.json?start=1451606400000&end=1475539199999,,,,,,,,,4kje-y9af,,,,,Cannot find view with id 4kje-y9af,,
,,,,not_found,,,https://data.austintexas.gov/d/p7kc-wkbc,,,,,True,https://data.austintexas.gov/api/views/p7kc-wkbc/metrics.json?start=1451606400000&end=1475539199999,,,,,,,,,p7kc-wkbc,,,,,Cannot find view with id p7kc-wkbc,,
,,,,not_found,,,https://data.austintexas.gov/d/tqgd-mf4x,,,,,True,https://data.austintexas.gov/api/views/tqgd-mf4x/metrics.json?start=1451606400000&end=1475539199999,,,,,,,,,tqgd-mf4x,,,,,Cannot find view with id tqgd-mf4x,,
,,,,not_found,,,https://data.austintexas.gov/d/ywgb-2ig8,,,,,True,https://data.austintexas.gov/api/views/ywgb-2ig8/metrics.json?start=1451606400000&end=1475539199999,,,,,,,,,ywgb-2ig8,,,,,Cannot find view with id ywgb-2ig8,,
,,,,not_found,,,https://data.austintexas.gov/d/qyst-3472,,,,,True,https://data.austintexas.gov/api/views/qyst-3472/metrics.json?start=1451606400000&end=1475539199999,,,,,,,,,qyst-3472,,,,,Cannot find view with id qyst-3472,,
,,,,not_found,,,https://data.austintexas.gov/d/3zr8-huug,,,,,True,https://data.austintexas.gov/api/views/3zr8-huug/metrics.json?start=1451606400000&end=1475539199999,,,,,,,,,3zr8-huug,,,,,Cannot find view with id 3zr8-huug,,
,,,,not_found,,,https://data.austintexas.gov/d/karz-jr5v,,,,,True,https://data.austintexas.gov/api/views/karz-jr5v/metrics.json?start=1451606400000&end=1475539199999,,,,,,,,,karz-jr5v,,,,,Cannot find view with id karz-jr5v,,
,,,,not_found,,,https://data.austintexas.gov/d/ez4t-k8n4,,,,,True,https://data.austintexas.gov/api/views/ez4t-k8n4/metrics.json?start=1451606400000&end=1475539199999,,,,,,,,,ez4t-k8n4,,,,,Cannot find view with id ez4t-k8n4,,
,,,,not_found,,,https://data.austintexas.gov/d/36qt-hi3h,,,,,True,https://data.austintexas.gov/api/views/36qt-hi3h/metrics.json?start=1451606400000&end=1475539199999,,,,,,,,,36qt-hi3h,,,,,Cannot find view with id 36qt-hi3h,,
,,,,not_found,,,https://data.austintexas.gov/d/fhx8-fyu2,,,,,True,https://data.austintexas.gov/api/views/fhx8-fyu2/metrics.json?start=1451606400000&end=1475539199999,,,,,,,,,fhx8-fyu2,,,,,Cannot find view with id fhx8-fyu2,,
,,,,not_found,,,https://data.austintexas.gov/d/yisx-jwus,,,,,True,https://data.austintexas.gov/api/views/yisx-jwus/metrics.json?start=1451606400000&end=1475539199999,,,,,,,,,yisx-jwus,,,,,Cannot find view with id yisx-jwus,,
,,,,not_found,,,https://data.austintexas.gov/d/y5qk-ycha,,,,,True,https://data.austintexas.gov/api/views/y5qk-ycha/metrics.json?start=1451606400000&end=1475539199999,,,,,,,,,y5qk-ycha,,,,,Cannot find view with id y5qk-ycha,,
,,,,not_found,,,https://data.austintexas.gov/d/uf4q-4zh3,,,,,True,https://data.austintexas.gov/api/views/uf4q-4zh3/metrics.json?start=1451606400000&end=1475539199999,,,,,,,,,uf4q-4zh3,,,,,Cannot find view with id uf4q-4zh3,,
,,,,not_found,,,https://data.austintexas.gov/d/put4-j4ni,,,,,True,https://data.austintexas.gov/api/views/put4-j4ni/metrics.json?start=1451606400000&end=1475539199999,,,,,,,,,put4-j4ni,,,,,Cannot find view with id put4-j4ni,,
,,,,not_found,,,https://data.austintexas.gov/d/mkfw-xvtp,,,,,True,https://data.austintexas.gov/api/views/mkfw-xvtp/metrics.json?start=1451606400000&end=1475539199999,,,,,,,,,mkfw-xvtp,,,,,Cannot find view with id mkfw-xvtp,,
,,,,not_found,,,https://data.austintexas.gov/d/kzja-82u7,,,,,True,https://data.austintexas.gov/api/views/kzja-82u7/metrics.json?start=1451606400000&end=1475539199999,,,,,,,,,kzja-82u7,,,,,Cannot find view with id kzja-82u7,,
,,,,not_found,,,https://data.austintexas.gov/d/jady-amz8,,,,,True,https://data.austintexas.gov/api/views/jady-amz8/metrics.json?start=1451606400000&end=1475539199999,,,,,,,,,jady-amz8,,,,,Cannot find view with id jady-amz8,,
,,,,not_found,,,https://data.austintexas.gov/d/555q-48w2,,,,,True,https://data.austintexas.gov/api/views/555q-48w2/metrics.json?start=1451606400000&end=1475539199999,,,,,,,,,555q-48w2,,,,,Cannot find view with id 555q-48w2,,
,,,,not_found,,,https://data.austintexas.gov/d/vimt-emci,,,,,True,https://data.austintexas.gov/api/views/vimt-emci/metrics.json?start=1451606400000&end=1475539199999,,,,,,,,,vimt-emci,,,,,Cannot find view with id vimt-emci,,
,,,,not_found,,,https://data.austintexas.gov/d/nywn-y4pr,,,,,True,https://data.austintexas.gov/api/views/nywn-y4pr/metrics.json?start=1451606400000&end=1475539199999,,,,,,,,,nywn-y4pr,,,,,Cannot find view with id nywn-y4pr,,
,,,,not_found,,,https://data.austintexas.gov/d/d4m6-5bq8,,,,,True,https://data.austintexas.gov/api/views/d4m6-5bq8/metrics.json?start=1451606400000&end=1475539199999,,,,,,,,,d4m6-5bq8,,,,,Cannot find view with id d4m6-5bq8,,
,,,,not_found,,,https://data.austintexas.gov/d/qjby-4sji,,,,,True,https://data.austintexas.gov/api/views/qjby-4sji/metrics.json?start=1451606400000&end=1475539199999,,,,,,,,,qjby-4sji,,,,,Cannot find view with id qjby-4sji,,
,,,,not_found,,,https://data.austintexas.gov/d/342j-aqe3,,,,,True,https://data.austintexas.gov/api/views/342j-aqe3/metrics.json?start=1451606400000&end=1475539199999,,,,,,,,,342j-aqe3,,,,,Cannot find view with id 342j-aqe3,,
,,,,not_found,,,https://data.austintexas.gov/d/ajmb-qjqw,,,,,True,https://data.austintexas.gov/api/views/ajmb-qjqw/metrics.json?start=1451606400000&end=1475539199999,,,,,,,,,ajmb-qjqw,,,,,Cannot find view with id ajmb-qjqw,,
,,,,not_found,,,https://data.austintexas.gov/d/e68g-thne,,,,,True,https://data.austintexas.gov/api/views/e68g-thne/metrics.json?start=1451606400000&end=1475539199999,,,,,,,,,e68g-thne,,,,,Cannot find view with id e68g-thne,,
,,,,not_found,,,https://data.austintexas.gov/d/p4g8-g35g,,,,,True,https://data.austintexas.gov/api/views/p4g8-g35g/metrics.json?start=1451606400000&end=1475539199999,,,,,,,,,p4g8-g35g,,,,,Cannot find view with id p4g8-g35g,,
,,,,not_found,,,https://data.austintexas.gov/d/qz79-qws3,,,,,True,https://data.austintexas.gov/api/views/qz79-qws3/metrics.json?start=1451606400000&end=1475539199999,,,,,,,,,qz79-qws3,,,,,Cannot find view with id qz79-qws3,,
,,,,not_found,,,https://data.austintexas.gov/d/wj3f-puun,,,,,True,https://data.austintexas.gov/api/views/wj3f-puun/metrics.json?start=1451606400000&end=1475539199999,,,,,,,,,wj3f-puun,,,,,Cannot find view with id wj3f-puun,,
,,,,not_found,,,https://data.austintexas.gov/d/7tg6-n9nk,,,,,True,https://data.austintexas.gov/api/views/7tg6-n9nk/metrics.json?start=1451606400000&end=1475539199999,,,,,,,,,7tg6-n9nk,,,,,Cannot find view with id 7tg6-n9nk,,
,,,,not_found,,,https://data.austintexas.gov/d/axjn-4unb,,,,,True,https://data.austintexas.gov/api/views/axjn-4unb/metrics.json?start=1451606400000&end=1475539199999,,,,,,,,,axjn-4unb,,,,,Cannot find view with id axjn-4unb,,
,,,,not_found,,,https://data.austintexas.gov/d/q85w-4dng,,,,,True,https://data.austintexas.gov/api/views/q85w-4dng/metrics.json?start=1451606400000&end=1475539199999,,,,,,,,,q85w-4dng,,,,,Cannot find view with id q85w-4dng,,
,,,,not_found,,,https://data.austintexas.gov/d/94wu-dzfr,,,,,True,https://data.austintexas.gov/api/views/94wu-dzfr/metrics.json?start=1451606400000&end=1475539199999,,,,,,,,,94wu-dzfr,,,,,Cannot find view with id 94wu-dzfr,,
,,,,not_found,,,https://data.austintexas.gov/d/xgi3-cehu,,,,,True,https://data.austintexas.gov/api/views/xgi3-cehu/metrics.json?start=1451606400000&end=1475539199999,,,,,,,,,xgi3-cehu,,,,,Cannot find view with id xgi3-cehu,,
,,,,not_found,,,https://data.austintexas.gov/d/6qbh-9cvw,,,,,True,https://data.austintexas.gov/api/views/6qbh-9cvw/metrics.json?start=1451606400000&end=1475539199999,,,,,,,,,6qbh-9cvw,,,,,Cannot find view with id 6qbh-9cvw,,
,,,,not_found,,,https://data.austintexas.gov/d/3kiv-qagc,,,,,True,https://data.austintexas.gov/api/views/3kiv-qagc/metrics.json?start=1451606400000&end=1475539199999,,,,,,,,,3kiv-qagc,,,,,Cannot find view with id 3kiv-qagc,,
,,,,not_found,,,https://data.austintexas.gov/d/bw8j-s2g8,,,,,True,https://data.austintexas.gov/api/views/bw8j-s2g8/metrics.json?start=1451606400000&end=1475539199999,,,,,,,,,bw8j-s2g8,,,,,Cannot find view with id bw8j-s2g8,,
,,,,not_found,,,https://data.austintexas.gov/d/kvyp-srzj,,,,,True,https://data.austintexas.gov/api/views/kvyp-srzj/metrics.json?start=1451606400000&end=1475539199999,,,,,,,,,kvyp-srzj,,,,,Cannot find view with id kvyp-srzj,,
,,,,not_found,,,https://data.austintexas.gov/d/4bdc-sg8v,,,,,True,https://data.austintexas.gov/api/views/4bdc-sg8v/metrics.json?start=1451606400000&end=1475539199999,,,,,,,,,4bdc-sg8v,,,,,Cannot find view with id 4bdc-sg8v,,
,,,,not_found,,,https://data.austintexas.gov/d/c59n-j857,,,,,True,https://data.austintexas.gov/api/views/c59n-j857/metrics.json?start=1451606400000&end=1475539199999,,,,,,,,,c59n-j857,,,,,Cannot find view with id c59n-j857,,
,,,,not_found,,,https://data.austintexas.gov/d/q8kp-me7z,,,,,True,https://data.austintexas.gov/api/views/q8kp-me7z/metrics.json?start=1451606400000&end=1475539199999,,,,,,,,,q8kp-me7z,,,,,Cannot find view with id q8kp-me7z,,
,,,,not_found,,,https://data.austintexas.gov/d/weuz-uypp,,,,,True,https://data.austintexas.gov/api/views/weuz-uypp/metrics.json?start=1451606400000&end=1475539199999,,,,,,,,,weuz-uypp,,,,,Cannot find view with id weuz-uypp,,
,,,,not_found,,,https://data.austintexas.gov/d/p6sy-2wpr,,,,,True,https://data.austintexas.gov/api/views/p6sy-2wpr/metrics.json?start=1451606400000&end=1475539199999,,,,,,,,,p6sy-2wpr,,,,,Cannot find view with id p6sy-2wpr,,
,,,,not_found,,,https://data.austintexas.gov/d/pgsu-xa4f,,,,,True,https://data.austintexas.gov/api/views/pgsu-xa4f/metrics.json?start=1451606400000&end=1475539199999,,,,,,,,,pgsu-xa4f,,,,,Cannot find view with id pgsu-xa4f,,
,,,,not_found,,,https://data.austintexas.gov/d/hkns-jcbd,,,,,True,https://data.austintexas.gov/api/views/hkns-jcbd/metrics.json?start=1451606400000&end=1475539199999,,,,,,,,,hkns-jcbd,,,,,Cannot find view with id hkns-jcbd,,
,,,,not_found,,,https://data.austintexas.gov/d/xpqv-jv4t,,,,,True,https://data.austintexas.gov/api/views/xpqv-jv4t/metrics.json?start=1451606400000&end=1475539199999,,,,,,,,,xpqv-jv4t,,,,,Cannot find view with id xpqv-jv4t,,
,,,,not_found,,,https://data.austintexas.gov/d/p9hw-4p7f,,,,,True,https://data.austintexas.gov/api/views/p9hw-4p7f/metrics.json?start=1451606400000&end=1475539199999,,,,,,,,,p9hw-4p7f,,,,,Cannot find view with id p9hw-4p7f,,
,,,,not_found,,,https://data.austintexas.gov/d/jrvj-r5qx,,,,,True,https://data.austintexas.gov/api/views/jrvj-r5qx/metrics.json?start=1451606400000&end=1475539199999,,,,,,,,,jrvj-r5qx,,,,,Cannot find view with id jrvj-r5qx,,
,,,,not_found,,,https://data.austintexas.gov/d/faw3-drf5,,,,,True,https://data.austintexas.gov/api/views/faw3-drf5/metrics.json?start=1451606400000&end=1475539199999,,,,,,,,,faw3-drf5,,,,,Cannot find view with id faw3-drf5,,
,,,,not_found,,,https://data.austintexas.gov/d/jzpw-7bpd,,,,,True,https://data.austintexas.gov/api/views/jzpw-7bpd/metrics.json?start=1451606400000&end=1475539199999,,,,,,,,,jzpw-7bpd,,,,,Cannot find view with id jzpw-7bpd,,
,,,,not_found,,,https://data.austintexas.gov/d/53pa-m7sm,,,,,True,https://data.austintexas.gov/api/views/53pa-m7sm/metrics.json?start=1451606400000&end=1475539199999,,,,,,,,,53pa-m7sm,,,,,Cannot find view with id 53pa-m7sm,,
,,,,not_found,,,https://data.austintexas.gov/d/vfba-b57j,,,,,True,https://data.austintexas.gov/api/views/vfba-b57j/metrics.json?start=1451606400000&end=1475539199999,,,,,,,,,vfba-b57j,,,,,Cannot find view with id vfba-b57j,,
,,,,not_found,,,https://data.austintexas.gov/d/8kwn-yzyi,,,,,True,https://data.austintexas.gov/api/views/8kwn-yzyi/metrics.json?start=1451606400000&end=1475539199999,,,,,,,,,8kwn-yzyi,,,,,Cannot find view with id 8kwn-yzyi,,
,,,,not_found,,,https://data.austintexas.gov/d/5tfy-wau8,,,,,True,https://data.austintexas.gov/api/views/5tfy-wau8/metrics.json?start=1451606400000&end=1475539199999,,,,,,,,,5tfy-wau8,,,,,Cannot find view with id 5tfy-wau8,,
,,,,not_found,,,https://data.austintexas.gov/d/gd9b-j2sk,,,,,True,https://data.austintexas.gov/api/views/gd9b-j2sk/metrics.json?start=1451606400000&end=1475539199999,,,,,,,,,gd9b-j2sk,,,,,Cannot find view with id gd9b-j2sk,,
,,,,not_found,,,https://data.austintexas.gov/d/jghs-fiqn,,,,,True,https://data.austintexas.gov/api/views/jghs-fiqn/metrics.json?start=1451606400000&end=1475539199999,,,,,,,,,jghs-fiqn,,,,,Cannot find view with id jghs-fiqn,,
,,,,not_found,,,https://data.austintexas.gov/d/r7rg-xryu,,,,,True,https://data.austintexas.gov/api/views/r7rg-xryu/metrics.json?start=1451606400000&end=1475539199999,,,,,,,,,r7rg-xryu,,,,,Cannot find view with id r7rg-xryu,,
,,,,not_found,,,https://data.austintexas.gov/d/qsh8-tby8,,,,,True,https://data.austintexas.gov/api/views/qsh8-tby8/metrics.json?start=1451606400000&end=1475539199999,,,,,,,,,qsh8-tby8,,,,,Cannot find view with id qsh8-tby8,,
,,,,not_found,,,https://data.austintexas.gov/d/xf8u-zfz8,,,,,True,https://data.austintexas.gov/api/views/xf8u-zfz8/metrics.json?start=1451606400000&end=1475539199999,,,,,,,,,xf8u-zfz8,,,,,Cannot find view with id xf8u-zfz8,,
,,,,not_found,,,https://data.austintexas.gov/d/cvjb-eurw,,,,,True,https://data.austintexas.gov/api/views/cvjb-eurw/metrics.json?start=1451606400000&end=1475539199999,,,,,,,,,cvjb-eurw,,,,,Cannot find view with id cvjb-eurw,,
,,,,not_found,,,https://data.austintexas.gov/d/ek6d-qxkv,,,,,True,https://data.austintexas.gov/api/views/ek6d-qxkv/metrics.json?start=1451606400000&end=1475539199999,,,,,,,,,ek6d-qxkv,,,,,Cannot find view with id ek6d-qxkv,,
,,,,not_found,,,https://data.austintexas.gov/d/xdkg-6bx2,,,,,True,https://data.austintexas.gov/api/views/xdkg-6bx2/metrics.json?start=1451606400000&end=1475539199999,,,,,,,,,xdkg-6bx2,,,,,Cannot find view with id xdkg-6bx2,,
,,,,not_found,,,https://data.austintexas.gov/d/yqzs-yaft,,,,,True,https://data.austintexas.gov/api/views/yqzs-yaft/metrics.json?start=1451606400000&end=1475539199999,,,,,,,,,yqzs-yaft,,,,,Cannot find view with id yqzs-yaft,,
,,,,not_found,,,https://data.austintexas.gov/d/pmc3-6ynv,,,,,True,https://data.austintexas.gov/api/views/pmc3-6ynv/metrics.json?start=1451606400000&end=1475539199999,,,,,,,,,pmc3-6ynv,,,,,Cannot find view with id pmc3-6ynv,,
,,,,not_found,,,https://data.austintexas.gov/d/88kx-65ev,,,,,True,https://data.austintexas.gov/api/views/88kx-65ev/metrics.json?start=1451606400000&end=1475539199999,,,,,,,,,88kx-65ev,,,,,Cannot find view with id 88kx-65ev,,
,,,,not_found,,,https://data.austintexas.gov/d/x7n3-dc7h,,,,,True,https://data.austintexas.gov/api/views/x7n3-dc7h/metrics.json?start=1451606400000&end=1475539199999,,,,,,,,,x7n3-dc7h,,,,,Cannot find view with id x7n3-dc7h,,
